/*
Navicat MySQL Data Transfer

Source Server         : pactobd_server
Source Server Version : 50636
Source Host           : 192.168.101.23:3306
Source Database       : pactohonor

Target Server Type    : MYSQL
Target Server Version : 50636
File Encoding         : 65001

Date: 2017-05-10 21:11:02
*/

SET FOREIGN_KEY_CHECKS=0;

-- ----------------------------
-- Table structure for categoria
-- ----------------------------
DROP TABLE IF EXISTS `categoria`;
CREATE TABLE `categoria` (
  `id_categoria` int(11) NOT NULL AUTO_INCREMENT,
  `rol` int(11) NOT NULL,
  `tipo` int(11) NOT NULL,
  PRIMARY KEY (`id_categoria`)
) ENGINE=InnoDB AUTO_INCREMENT=7 DEFAULT CHARSET=utf8;

-- ----------------------------
-- Records of categoria
-- ----------------------------
INSERT INTO `categoria` VALUES ('1', '1', '1');
INSERT INTO `categoria` VALUES ('2', '1', '2');
INSERT INTO `categoria` VALUES ('3', '2', '1');
INSERT INTO `categoria` VALUES ('4', '2', '2');
INSERT INTO `categoria` VALUES ('5', '3', '1');
INSERT INTO `categoria` VALUES ('6', '3', '2');

-- ----------------------------
-- Table structure for categoriaimagen
-- ----------------------------
DROP TABLE IF EXISTS `categoriaimagen`;
CREATE TABLE `categoriaimagen` (
  `id_categoriaImagen` int(11) NOT NULL AUTO_INCREMENT,
  `descCategoriaImagen` varchar(50) COLLATE utf8_spanish_ci NOT NULL,
  PRIMARY KEY (`id_categoriaImagen`)
) ENGINE=InnoDB AUTO_INCREMENT=6 DEFAULT CHARSET=utf8 COLLATE=utf8_spanish_ci;

-- ----------------------------
-- Records of categoriaimagen
-- ----------------------------
INSERT INTO `categoriaimagen` VALUES ('1', 'Sprite');
INSERT INTO `categoriaimagen` VALUES ('2', 'BotonPoder');
INSERT INTO `categoriaimagen` VALUES ('3', 'ImpactoPersonalidad');
INSERT INTO `categoriaimagen` VALUES ('5', 'Avatar');

-- ----------------------------
-- Table structure for ciudad
-- ----------------------------
DROP TABLE IF EXISTS `ciudad`;
CREATE TABLE `ciudad` (
  `id_ciudad` int(11) NOT NULL AUTO_INCREMENT,
  `nombre_ciudad` varchar(45) DEFAULT NULL,
  PRIMARY KEY (`id_ciudad`)
) ENGINE=InnoDB AUTO_INCREMENT=99781 DEFAULT CHARSET=utf8;

-- ----------------------------
-- Records of ciudad
-- ----------------------------
INSERT INTO `ciudad` VALUES ('1', 'Bogota');
INSERT INTO `ciudad` VALUES ('2', 'Medellin');
INSERT INTO `ciudad` VALUES ('3', 'Cali');
INSERT INTO `ciudad` VALUES ('4', 'elcambiolla');
INSERT INTO `ciudad` VALUES ('5', 'Barrancabermeja');
INSERT INTO `ciudad` VALUES ('5001', 'MEDELLÍN');
INSERT INTO `ciudad` VALUES ('5002', 'ABEJORRAL');
INSERT INTO `ciudad` VALUES ('5004', 'ABRIAQUÍ');
INSERT INTO `ciudad` VALUES ('5021', 'ALEJANDRÍA');
INSERT INTO `ciudad` VALUES ('5030', 'AMAGÁ');
INSERT INTO `ciudad` VALUES ('5031', 'AMALFI');
INSERT INTO `ciudad` VALUES ('5034', 'ANDES');
INSERT INTO `ciudad` VALUES ('5036', 'ANGELÓPOLIS');
INSERT INTO `ciudad` VALUES ('5038', 'ANGOSTURA');
INSERT INTO `ciudad` VALUES ('5040', 'ANORÍ');
INSERT INTO `ciudad` VALUES ('5042', 'SANTA FÉ DE ANTIOQUIA');
INSERT INTO `ciudad` VALUES ('5044', 'ANZÁ');
INSERT INTO `ciudad` VALUES ('5045', 'APARTADÓ');
INSERT INTO `ciudad` VALUES ('5051', 'ARBOLETES');
INSERT INTO `ciudad` VALUES ('5055', 'ARGELIA');
INSERT INTO `ciudad` VALUES ('5059', 'ARMENIA');
INSERT INTO `ciudad` VALUES ('5079', 'BARBOSA');
INSERT INTO `ciudad` VALUES ('5086', 'BELMIRA');
INSERT INTO `ciudad` VALUES ('5088', 'BELLO');
INSERT INTO `ciudad` VALUES ('5091', 'BETANIA');
INSERT INTO `ciudad` VALUES ('5093', 'BETULIA');
INSERT INTO `ciudad` VALUES ('5101', 'CIUDAD BOLÍVAR');
INSERT INTO `ciudad` VALUES ('5107', 'BRICEÑO');
INSERT INTO `ciudad` VALUES ('5113', 'BURITICÁ');
INSERT INTO `ciudad` VALUES ('5120', 'CÁCERES');
INSERT INTO `ciudad` VALUES ('5125', 'CAICEDO');
INSERT INTO `ciudad` VALUES ('5129', 'CALDAS');
INSERT INTO `ciudad` VALUES ('5134', 'CAMPAMENTO');
INSERT INTO `ciudad` VALUES ('5138', 'CAÑASGORDAS');
INSERT INTO `ciudad` VALUES ('5142', 'CARACOLÍ');
INSERT INTO `ciudad` VALUES ('5145', 'CARAMANTA');
INSERT INTO `ciudad` VALUES ('5147', 'CAREPA');
INSERT INTO `ciudad` VALUES ('5148', 'EL CARMEN DE VIBORAL');
INSERT INTO `ciudad` VALUES ('5150', 'CAROLINA');
INSERT INTO `ciudad` VALUES ('5154', 'CAUCASIA');
INSERT INTO `ciudad` VALUES ('5172', 'CHIGORODÓ');
INSERT INTO `ciudad` VALUES ('5190', 'CISNEROS');
INSERT INTO `ciudad` VALUES ('5197', 'COCORNÁ');
INSERT INTO `ciudad` VALUES ('5206', 'CONCEPCIÓN');
INSERT INTO `ciudad` VALUES ('5209', 'CONCORDIA');
INSERT INTO `ciudad` VALUES ('5212', 'COPACABANA');
INSERT INTO `ciudad` VALUES ('5234', 'DABEIBA');
INSERT INTO `ciudad` VALUES ('5237', 'DONMATÍAS');
INSERT INTO `ciudad` VALUES ('5240', 'EBÉJICO');
INSERT INTO `ciudad` VALUES ('5250', 'EL BAGRE');
INSERT INTO `ciudad` VALUES ('5264', 'ENTRERRÍOS');
INSERT INTO `ciudad` VALUES ('5266', 'ENVIGADO');
INSERT INTO `ciudad` VALUES ('5282', 'FREDONIA');
INSERT INTO `ciudad` VALUES ('5284', 'FRONTINO');
INSERT INTO `ciudad` VALUES ('5306', 'GIRALDO');
INSERT INTO `ciudad` VALUES ('5308', 'GIRARDOTA');
INSERT INTO `ciudad` VALUES ('5310', 'GÓMEZ PLATA');
INSERT INTO `ciudad` VALUES ('5313', 'GRANADA');
INSERT INTO `ciudad` VALUES ('5315', 'GUADALUPE');
INSERT INTO `ciudad` VALUES ('5318', 'GUARNE');
INSERT INTO `ciudad` VALUES ('5321', 'GUATAPÉ');
INSERT INTO `ciudad` VALUES ('5347', 'HELICONIA');
INSERT INTO `ciudad` VALUES ('5353', 'HISPANIA');
INSERT INTO `ciudad` VALUES ('5360', 'ITAGÜÍ');
INSERT INTO `ciudad` VALUES ('5361', 'ITUANGO');
INSERT INTO `ciudad` VALUES ('5364', 'JARDÍN');
INSERT INTO `ciudad` VALUES ('5368', 'JERICÓ');
INSERT INTO `ciudad` VALUES ('5376', 'LA CEJA');
INSERT INTO `ciudad` VALUES ('5380', 'LA ESTRELLA');
INSERT INTO `ciudad` VALUES ('5390', 'LA PINTADA');
INSERT INTO `ciudad` VALUES ('5400', 'LA UNIÓN');
INSERT INTO `ciudad` VALUES ('5411', 'LIBORINA');
INSERT INTO `ciudad` VALUES ('5425', 'MACEO');
INSERT INTO `ciudad` VALUES ('5440', 'MARINILLA');
INSERT INTO `ciudad` VALUES ('5467', 'MONTEBELLO');
INSERT INTO `ciudad` VALUES ('5475', 'MURINDÓ');
INSERT INTO `ciudad` VALUES ('5480', 'MUTATÁ');
INSERT INTO `ciudad` VALUES ('5483', 'NARIÑO');
INSERT INTO `ciudad` VALUES ('5490', 'NECOCLÍ');
INSERT INTO `ciudad` VALUES ('5495', 'NECHÍ');
INSERT INTO `ciudad` VALUES ('5501', 'OLAYA');
INSERT INTO `ciudad` VALUES ('5541', 'PEÑOL');
INSERT INTO `ciudad` VALUES ('5543', 'PEQUE');
INSERT INTO `ciudad` VALUES ('5576', 'PUEBLORRICO');
INSERT INTO `ciudad` VALUES ('5579', 'PUERTO BERRÍO');
INSERT INTO `ciudad` VALUES ('5585', 'PUERTO NARE');
INSERT INTO `ciudad` VALUES ('5591', 'PUERTO TRIUNFO');
INSERT INTO `ciudad` VALUES ('5604', 'REMEDIOS');
INSERT INTO `ciudad` VALUES ('5607', 'RETIRO');
INSERT INTO `ciudad` VALUES ('5615', 'RIONEGRO');
INSERT INTO `ciudad` VALUES ('5628', 'SABANALARGA');
INSERT INTO `ciudad` VALUES ('5631', 'SABANETA');
INSERT INTO `ciudad` VALUES ('5642', 'SALGAR');
INSERT INTO `ciudad` VALUES ('5647', 'SAN ANDRÉS DE CUERQUÍA');
INSERT INTO `ciudad` VALUES ('5649', 'SAN CARLOS');
INSERT INTO `ciudad` VALUES ('5652', 'SAN FRANCISCO');
INSERT INTO `ciudad` VALUES ('5656', 'SAN JERÓNIMO');
INSERT INTO `ciudad` VALUES ('5658', 'SAN JOSÉ DE LA MONTAÑA');
INSERT INTO `ciudad` VALUES ('5659', 'SAN JUAN DE URABÁ');
INSERT INTO `ciudad` VALUES ('5660', 'SAN LUIS');
INSERT INTO `ciudad` VALUES ('5664', 'SAN PEDRO DE LOS MILAGROS');
INSERT INTO `ciudad` VALUES ('5665', 'SAN PEDRO DE URABÁ');
INSERT INTO `ciudad` VALUES ('5667', 'SAN RAFAEL');
INSERT INTO `ciudad` VALUES ('5670', 'SAN ROQUE');
INSERT INTO `ciudad` VALUES ('5674', 'SAN VICENTE FERRER');
INSERT INTO `ciudad` VALUES ('5679', 'SANTA BÁRBARA');
INSERT INTO `ciudad` VALUES ('5686', 'SANTA ROSA DE OSOS');
INSERT INTO `ciudad` VALUES ('5690', 'SANTO DOMINGO');
INSERT INTO `ciudad` VALUES ('5697', 'EL SANTUARIO');
INSERT INTO `ciudad` VALUES ('5736', 'SEGOVIA');
INSERT INTO `ciudad` VALUES ('5756', 'SONSÓN');
INSERT INTO `ciudad` VALUES ('5761', 'SOPETRÁN');
INSERT INTO `ciudad` VALUES ('5789', 'TÁMESIS');
INSERT INTO `ciudad` VALUES ('5790', 'TARAZÁ');
INSERT INTO `ciudad` VALUES ('5792', 'TARSO');
INSERT INTO `ciudad` VALUES ('5809', 'TITIRIBÍ');
INSERT INTO `ciudad` VALUES ('5819', 'TOLEDO');
INSERT INTO `ciudad` VALUES ('5837', 'TURBO');
INSERT INTO `ciudad` VALUES ('5842', 'URAMITA');
INSERT INTO `ciudad` VALUES ('5847', 'URRAO');
INSERT INTO `ciudad` VALUES ('5854', 'VALDIVIA');
INSERT INTO `ciudad` VALUES ('5856', 'VALPARAÍSO');
INSERT INTO `ciudad` VALUES ('5858', 'VEGACHÍ');
INSERT INTO `ciudad` VALUES ('5861', 'VENECIA');
INSERT INTO `ciudad` VALUES ('5873', 'VIGÍA DEL FUERTE');
INSERT INTO `ciudad` VALUES ('5885', 'YALÍ');
INSERT INTO `ciudad` VALUES ('5887', 'YARUMAL');
INSERT INTO `ciudad` VALUES ('5890', 'YOLOMBÓ');
INSERT INTO `ciudad` VALUES ('5893', 'YONDÓ');
INSERT INTO `ciudad` VALUES ('5895', 'ZARAGOZA');
INSERT INTO `ciudad` VALUES ('8001', 'BARRANQUILLA');
INSERT INTO `ciudad` VALUES ('8078', 'BARANOA');
INSERT INTO `ciudad` VALUES ('8137', 'CAMPO DE LA CRUZ');
INSERT INTO `ciudad` VALUES ('8141', 'CANDELARIA');
INSERT INTO `ciudad` VALUES ('8296', 'GALAPA');
INSERT INTO `ciudad` VALUES ('8372', 'JUAN DE ACOSTA');
INSERT INTO `ciudad` VALUES ('8421', 'LURUACO');
INSERT INTO `ciudad` VALUES ('8433', 'MALAMBO');
INSERT INTO `ciudad` VALUES ('8436', 'MANATÍ');
INSERT INTO `ciudad` VALUES ('8520', 'PALMAR DE VARELA');
INSERT INTO `ciudad` VALUES ('8549', 'PIOJÓ');
INSERT INTO `ciudad` VALUES ('8558', 'POLONUEVO');
INSERT INTO `ciudad` VALUES ('8560', 'PONEDERA');
INSERT INTO `ciudad` VALUES ('8573', 'PUERTO COLOMBIA');
INSERT INTO `ciudad` VALUES ('8606', 'REPELÓN');
INSERT INTO `ciudad` VALUES ('8634', 'SABANAGRANDE');
INSERT INTO `ciudad` VALUES ('8638', 'SABANALARGA');
INSERT INTO `ciudad` VALUES ('8675', 'SANTA LUCÍA');
INSERT INTO `ciudad` VALUES ('8685', 'SANTO TOMÁS');
INSERT INTO `ciudad` VALUES ('8758', 'SOLEDAD');
INSERT INTO `ciudad` VALUES ('8770', 'SUAN');
INSERT INTO `ciudad` VALUES ('8832', 'TUBARÁ');
INSERT INTO `ciudad` VALUES ('8849', 'USIACURÍ');
INSERT INTO `ciudad` VALUES ('11001', 'BOGOTÁ, D.C.');
INSERT INTO `ciudad` VALUES ('13001', 'CARTAGENA DE INDIAS');
INSERT INTO `ciudad` VALUES ('13006', 'ACHÍ');
INSERT INTO `ciudad` VALUES ('13030', 'ALTOS DEL ROSARIO');
INSERT INTO `ciudad` VALUES ('13042', 'ARENAL');
INSERT INTO `ciudad` VALUES ('13052', 'ARJONA');
INSERT INTO `ciudad` VALUES ('13062', 'ARROYOHONDO');
INSERT INTO `ciudad` VALUES ('13074', 'BARRANCO DE LOBA');
INSERT INTO `ciudad` VALUES ('13140', 'CALAMAR');
INSERT INTO `ciudad` VALUES ('13160', 'CANTAGALLO');
INSERT INTO `ciudad` VALUES ('13188', 'CICUCO');
INSERT INTO `ciudad` VALUES ('13212', 'CÓRDOBA');
INSERT INTO `ciudad` VALUES ('13222', 'CLEMENCIA');
INSERT INTO `ciudad` VALUES ('13244', 'EL CARMEN DE BOLÍVAR');
INSERT INTO `ciudad` VALUES ('13248', 'EL GUAMO');
INSERT INTO `ciudad` VALUES ('13268', 'EL PEÑÓN');
INSERT INTO `ciudad` VALUES ('13300', 'HATILLO DE LOBA');
INSERT INTO `ciudad` VALUES ('13430', 'MAGANGUÉ');
INSERT INTO `ciudad` VALUES ('13433', 'MAHATES');
INSERT INTO `ciudad` VALUES ('13440', 'MARGARITA');
INSERT INTO `ciudad` VALUES ('13442', 'MARÍA LA BAJA');
INSERT INTO `ciudad` VALUES ('13458', 'MONTECRISTO');
INSERT INTO `ciudad` VALUES ('13468', 'MOMPÓS');
INSERT INTO `ciudad` VALUES ('13473', 'MORALES');
INSERT INTO `ciudad` VALUES ('13490', 'NOROSÍ');
INSERT INTO `ciudad` VALUES ('13549', 'PINILLOS');
INSERT INTO `ciudad` VALUES ('13580', 'REGIDOR');
INSERT INTO `ciudad` VALUES ('13600', 'RÍO VIEJO');
INSERT INTO `ciudad` VALUES ('13620', 'SAN CRISTÓBAL');
INSERT INTO `ciudad` VALUES ('13647', 'SAN ESTANISLAO');
INSERT INTO `ciudad` VALUES ('13650', 'SAN FERNANDO');
INSERT INTO `ciudad` VALUES ('13654', 'SAN JACINTO');
INSERT INTO `ciudad` VALUES ('13655', 'SAN JACINTO DEL CAUCA');
INSERT INTO `ciudad` VALUES ('13657', 'SAN JUAN NEPOMUCENO');
INSERT INTO `ciudad` VALUES ('13667', 'SAN MARTÍN DE LOBA');
INSERT INTO `ciudad` VALUES ('13670', 'SAN PABLO');
INSERT INTO `ciudad` VALUES ('13673', 'SANTA CATALINA');
INSERT INTO `ciudad` VALUES ('13683', 'SANTA ROSA');
INSERT INTO `ciudad` VALUES ('13688', 'SANTA ROSA DEL SUR');
INSERT INTO `ciudad` VALUES ('13744', 'SIMITÍ');
INSERT INTO `ciudad` VALUES ('13760', 'SOPLAVIENTO');
INSERT INTO `ciudad` VALUES ('13780', 'TALAIGUA NUEVO');
INSERT INTO `ciudad` VALUES ('13810', 'TIQUISIO');
INSERT INTO `ciudad` VALUES ('13836', 'TURBACO');
INSERT INTO `ciudad` VALUES ('13838', 'TURBANÁ');
INSERT INTO `ciudad` VALUES ('13873', 'VILLANUEVA');
INSERT INTO `ciudad` VALUES ('13894', 'ZAMBRANO');
INSERT INTO `ciudad` VALUES ('15001', 'TUNJA');
INSERT INTO `ciudad` VALUES ('15022', 'ALMEIDA');
INSERT INTO `ciudad` VALUES ('15047', 'AQUITANIA');
INSERT INTO `ciudad` VALUES ('15051', 'ARCABUCO');
INSERT INTO `ciudad` VALUES ('15087', 'BELÉN');
INSERT INTO `ciudad` VALUES ('15090', 'BERBEO');
INSERT INTO `ciudad` VALUES ('15092', 'BETÉITIVA');
INSERT INTO `ciudad` VALUES ('15097', 'BOAVITA');
INSERT INTO `ciudad` VALUES ('15104', 'BOYACÁ');
INSERT INTO `ciudad` VALUES ('15106', 'BRICEÑO');
INSERT INTO `ciudad` VALUES ('15109', 'BUENAVISTA');
INSERT INTO `ciudad` VALUES ('15114', 'BUSBANZÁ');
INSERT INTO `ciudad` VALUES ('15131', 'CALDAS');
INSERT INTO `ciudad` VALUES ('15135', 'CAMPOHERMOSO');
INSERT INTO `ciudad` VALUES ('15162', 'CERINZA');
INSERT INTO `ciudad` VALUES ('15172', 'CHINAVITA');
INSERT INTO `ciudad` VALUES ('15176', 'CHIQUINQUIRÁ');
INSERT INTO `ciudad` VALUES ('15180', 'CHISCAS');
INSERT INTO `ciudad` VALUES ('15183', 'CHITA');
INSERT INTO `ciudad` VALUES ('15185', 'CHITARAQUE');
INSERT INTO `ciudad` VALUES ('15187', 'CHIVATÁ');
INSERT INTO `ciudad` VALUES ('15189', 'CIÉNEGA');
INSERT INTO `ciudad` VALUES ('15204', 'CÓMBITA');
INSERT INTO `ciudad` VALUES ('15212', 'COPER');
INSERT INTO `ciudad` VALUES ('15215', 'CORRALES');
INSERT INTO `ciudad` VALUES ('15218', 'COVARACHÍA');
INSERT INTO `ciudad` VALUES ('15223', 'CUBARÁ');
INSERT INTO `ciudad` VALUES ('15224', 'CUCAITA');
INSERT INTO `ciudad` VALUES ('15226', 'CUÍTIVA');
INSERT INTO `ciudad` VALUES ('15232', 'CHÍQUIZA');
INSERT INTO `ciudad` VALUES ('15236', 'CHIVOR');
INSERT INTO `ciudad` VALUES ('15238', 'DUITAMA');
INSERT INTO `ciudad` VALUES ('15244', 'EL COCUY');
INSERT INTO `ciudad` VALUES ('15248', 'EL ESPINO');
INSERT INTO `ciudad` VALUES ('15272', 'FIRAVITOBA');
INSERT INTO `ciudad` VALUES ('15276', 'FLORESTA');
INSERT INTO `ciudad` VALUES ('15293', 'GACHANTIVÁ');
INSERT INTO `ciudad` VALUES ('15296', 'GÁMEZA');
INSERT INTO `ciudad` VALUES ('15299', 'GARAGOA');
INSERT INTO `ciudad` VALUES ('15317', 'GUACAMAYAS');
INSERT INTO `ciudad` VALUES ('15322', 'GUATEQUE');
INSERT INTO `ciudad` VALUES ('15325', 'GUAYATÁ');
INSERT INTO `ciudad` VALUES ('15332', 'GÜICÁN');
INSERT INTO `ciudad` VALUES ('15362', 'IZA');
INSERT INTO `ciudad` VALUES ('15367', 'JENESANO');
INSERT INTO `ciudad` VALUES ('15368', 'JERICÓ');
INSERT INTO `ciudad` VALUES ('15377', 'LABRANZAGRANDE');
INSERT INTO `ciudad` VALUES ('15380', 'LA CAPILLA');
INSERT INTO `ciudad` VALUES ('15401', 'LA VICTORIA');
INSERT INTO `ciudad` VALUES ('15403', 'LA UVITA');
INSERT INTO `ciudad` VALUES ('15407', 'VILLA DE LEYVA');
INSERT INTO `ciudad` VALUES ('15425', 'MACANAL');
INSERT INTO `ciudad` VALUES ('15442', 'MARIPÍ');
INSERT INTO `ciudad` VALUES ('15455', 'MIRAFLORES');
INSERT INTO `ciudad` VALUES ('15464', 'MONGUA');
INSERT INTO `ciudad` VALUES ('15466', 'MONGUÍ');
INSERT INTO `ciudad` VALUES ('15469', 'MONIQUIRÁ');
INSERT INTO `ciudad` VALUES ('15476', 'MOTAVITA');
INSERT INTO `ciudad` VALUES ('15480', 'MUZO');
INSERT INTO `ciudad` VALUES ('15491', 'NOBSA');
INSERT INTO `ciudad` VALUES ('15494', 'NUEVO COLÓN');
INSERT INTO `ciudad` VALUES ('15500', 'OICATÁ');
INSERT INTO `ciudad` VALUES ('15507', 'OTANCHE');
INSERT INTO `ciudad` VALUES ('15511', 'PACHAVITA');
INSERT INTO `ciudad` VALUES ('15514', 'PÁEZ');
INSERT INTO `ciudad` VALUES ('15516', 'PAIPA');
INSERT INTO `ciudad` VALUES ('15518', 'PAJARITO');
INSERT INTO `ciudad` VALUES ('15522', 'PANQUEBA');
INSERT INTO `ciudad` VALUES ('15531', 'PAUNA');
INSERT INTO `ciudad` VALUES ('15533', 'PAYA');
INSERT INTO `ciudad` VALUES ('15537', 'PAZ DE RÍO');
INSERT INTO `ciudad` VALUES ('15542', 'PESCA');
INSERT INTO `ciudad` VALUES ('15550', 'PISBA');
INSERT INTO `ciudad` VALUES ('15572', 'PUERTO BOYACÁ');
INSERT INTO `ciudad` VALUES ('15580', 'QUÍPAMA');
INSERT INTO `ciudad` VALUES ('15599', 'RAMIRIQUÍ');
INSERT INTO `ciudad` VALUES ('15600', 'RÁQUIRA');
INSERT INTO `ciudad` VALUES ('15621', 'RONDÓN');
INSERT INTO `ciudad` VALUES ('15632', 'SABOYÁ');
INSERT INTO `ciudad` VALUES ('15638', 'SÁCHICA');
INSERT INTO `ciudad` VALUES ('15646', 'SAMACÁ');
INSERT INTO `ciudad` VALUES ('15660', 'SAN EDUARDO');
INSERT INTO `ciudad` VALUES ('15664', 'SAN JOSÉ DE PARE');
INSERT INTO `ciudad` VALUES ('15667', 'SAN LUIS DE GACENO');
INSERT INTO `ciudad` VALUES ('15673', 'SAN MATEO');
INSERT INTO `ciudad` VALUES ('15676', 'SAN MIGUEL DE SEMA');
INSERT INTO `ciudad` VALUES ('15681', 'SAN PABLO DE BORBUR');
INSERT INTO `ciudad` VALUES ('15686', 'SANTANA');
INSERT INTO `ciudad` VALUES ('15690', 'SANTA MARÍA');
INSERT INTO `ciudad` VALUES ('15693', 'SANTA ROSA DE VITERBO');
INSERT INTO `ciudad` VALUES ('15696', 'SANTA SOFÍA');
INSERT INTO `ciudad` VALUES ('15720', 'SATIVANORTE');
INSERT INTO `ciudad` VALUES ('15723', 'SATIVASUR');
INSERT INTO `ciudad` VALUES ('15740', 'SIACHOQUE');
INSERT INTO `ciudad` VALUES ('15753', 'SOATÁ');
INSERT INTO `ciudad` VALUES ('15755', 'SOCOTÁ');
INSERT INTO `ciudad` VALUES ('15757', 'SOCHA');
INSERT INTO `ciudad` VALUES ('15759', 'SOGAMOSO');
INSERT INTO `ciudad` VALUES ('15761', 'SOMONDOCO');
INSERT INTO `ciudad` VALUES ('15762', 'SORA');
INSERT INTO `ciudad` VALUES ('15763', 'SOTAQUIRÁ');
INSERT INTO `ciudad` VALUES ('15764', 'SORACÁ');
INSERT INTO `ciudad` VALUES ('15774', 'SUSACÓN');
INSERT INTO `ciudad` VALUES ('15776', 'SUTAMARCHÁN');
INSERT INTO `ciudad` VALUES ('15778', 'SUTATENZA');
INSERT INTO `ciudad` VALUES ('15790', 'TASCO');
INSERT INTO `ciudad` VALUES ('15798', 'TENZA');
INSERT INTO `ciudad` VALUES ('15804', 'TIBANÁ');
INSERT INTO `ciudad` VALUES ('15806', 'TIBASOSA');
INSERT INTO `ciudad` VALUES ('15808', 'TINJACÁ');
INSERT INTO `ciudad` VALUES ('15810', 'TIPACOQUE');
INSERT INTO `ciudad` VALUES ('15814', 'TOCA');
INSERT INTO `ciudad` VALUES ('15816', 'TOGÜÍ');
INSERT INTO `ciudad` VALUES ('15820', 'TÓPAGA');
INSERT INTO `ciudad` VALUES ('15822', 'TOTA');
INSERT INTO `ciudad` VALUES ('15832', 'TUNUNGUÁ');
INSERT INTO `ciudad` VALUES ('15835', 'TURMEQUÉ');
INSERT INTO `ciudad` VALUES ('15837', 'TUTA');
INSERT INTO `ciudad` VALUES ('15839', 'TUTAZÁ');
INSERT INTO `ciudad` VALUES ('15842', 'ÚMBITA');
INSERT INTO `ciudad` VALUES ('15861', 'VENTAQUEMADA');
INSERT INTO `ciudad` VALUES ('15879', 'VIRACACHÁ');
INSERT INTO `ciudad` VALUES ('15897', 'ZETAQUIRA');
INSERT INTO `ciudad` VALUES ('17001', 'MANIZALES');
INSERT INTO `ciudad` VALUES ('17013', 'AGUADAS');
INSERT INTO `ciudad` VALUES ('17042', 'ANSERMA');
INSERT INTO `ciudad` VALUES ('17050', 'ARANZAZU');
INSERT INTO `ciudad` VALUES ('17088', 'BELALCÁZAR');
INSERT INTO `ciudad` VALUES ('17174', 'CHINCHINÁ');
INSERT INTO `ciudad` VALUES ('17272', 'FILADELFIA');
INSERT INTO `ciudad` VALUES ('17380', 'LA DORADA');
INSERT INTO `ciudad` VALUES ('17388', 'LA MERCED');
INSERT INTO `ciudad` VALUES ('17433', 'MANZANARES');
INSERT INTO `ciudad` VALUES ('17442', 'MARMATO');
INSERT INTO `ciudad` VALUES ('17444', 'MARQUETALIA');
INSERT INTO `ciudad` VALUES ('17446', 'MARULANDA');
INSERT INTO `ciudad` VALUES ('17486', 'NEIRA');
INSERT INTO `ciudad` VALUES ('17495', 'NORCASIA');
INSERT INTO `ciudad` VALUES ('17513', 'PÁCORA');
INSERT INTO `ciudad` VALUES ('17524', 'PALESTINA');
INSERT INTO `ciudad` VALUES ('17541', 'PENSILVANIA');
INSERT INTO `ciudad` VALUES ('17614', 'RIOSUCIO');
INSERT INTO `ciudad` VALUES ('17616', 'RISARALDA');
INSERT INTO `ciudad` VALUES ('17653', 'SALAMINA');
INSERT INTO `ciudad` VALUES ('17662', 'SAMANÁ');
INSERT INTO `ciudad` VALUES ('17665', 'SAN JOSÉ');
INSERT INTO `ciudad` VALUES ('17777', 'SUPÍA');
INSERT INTO `ciudad` VALUES ('17867', 'VICTORIA');
INSERT INTO `ciudad` VALUES ('17873', 'VILLAMARÍA');
INSERT INTO `ciudad` VALUES ('17877', 'VITERBO');
INSERT INTO `ciudad` VALUES ('18001', 'FLORENCIA');
INSERT INTO `ciudad` VALUES ('18029', 'ALBANIA');
INSERT INTO `ciudad` VALUES ('18094', 'BELÉN DE LOS ANDAQUÍES');
INSERT INTO `ciudad` VALUES ('18150', 'CARTAGENA DEL CHAIRÁ');
INSERT INTO `ciudad` VALUES ('18205', 'CURILLO');
INSERT INTO `ciudad` VALUES ('18247', 'EL DONCELLO');
INSERT INTO `ciudad` VALUES ('18256', 'EL PAUJÍL');
INSERT INTO `ciudad` VALUES ('18410', 'LA MONTAÑITA');
INSERT INTO `ciudad` VALUES ('18460', 'MILÁN');
INSERT INTO `ciudad` VALUES ('18479', 'MORELIA');
INSERT INTO `ciudad` VALUES ('18592', 'PUERTO RICO');
INSERT INTO `ciudad` VALUES ('18610', 'SAN JOSÉ DEL FRAGUA');
INSERT INTO `ciudad` VALUES ('18753', 'SAN VICENTE DEL CAGUÁN');
INSERT INTO `ciudad` VALUES ('18756', 'SOLANO');
INSERT INTO `ciudad` VALUES ('18785', 'SOLITA');
INSERT INTO `ciudad` VALUES ('18860', 'VALPARAÍSO');
INSERT INTO `ciudad` VALUES ('19001', 'POPAYÁN');
INSERT INTO `ciudad` VALUES ('19022', 'ALMAGUER');
INSERT INTO `ciudad` VALUES ('19050', 'ARGELIA');
INSERT INTO `ciudad` VALUES ('19075', 'BALBOA');
INSERT INTO `ciudad` VALUES ('19100', 'BOLÍVAR');
INSERT INTO `ciudad` VALUES ('19110', 'BUENOS AIRES');
INSERT INTO `ciudad` VALUES ('19130', 'CAJIBÍO');
INSERT INTO `ciudad` VALUES ('19137', 'CALDONO');
INSERT INTO `ciudad` VALUES ('19142', 'CALOTO');
INSERT INTO `ciudad` VALUES ('19212', 'CORINTO');
INSERT INTO `ciudad` VALUES ('19256', 'EL TAMBO');
INSERT INTO `ciudad` VALUES ('19290', 'FLORENCIA');
INSERT INTO `ciudad` VALUES ('19300', 'GUACHENÉ');
INSERT INTO `ciudad` VALUES ('19318', 'GUAPÍ');
INSERT INTO `ciudad` VALUES ('19355', 'INZÁ');
INSERT INTO `ciudad` VALUES ('19364', 'JAMBALÓ');
INSERT INTO `ciudad` VALUES ('19392', 'LA SIERRA');
INSERT INTO `ciudad` VALUES ('19397', 'LA VEGA');
INSERT INTO `ciudad` VALUES ('19418', 'LÓPEZ DE MICAY');
INSERT INTO `ciudad` VALUES ('19450', 'MERCADERES');
INSERT INTO `ciudad` VALUES ('19455', 'MIRANDA');
INSERT INTO `ciudad` VALUES ('19473', 'MORALES');
INSERT INTO `ciudad` VALUES ('19513', 'PADILLA');
INSERT INTO `ciudad` VALUES ('19517', 'PÁEZ');
INSERT INTO `ciudad` VALUES ('19532', 'PATÍA');
INSERT INTO `ciudad` VALUES ('19533', 'PIAMONTE');
INSERT INTO `ciudad` VALUES ('19548', 'PIENDAMÓ');
INSERT INTO `ciudad` VALUES ('19573', 'PUERTO TEJADA');
INSERT INTO `ciudad` VALUES ('19585', 'PURACÉ');
INSERT INTO `ciudad` VALUES ('19622', 'ROSAS');
INSERT INTO `ciudad` VALUES ('19693', 'SAN SEBASTIÁN');
INSERT INTO `ciudad` VALUES ('19698', 'SANTANDER DE QUILICHAO');
INSERT INTO `ciudad` VALUES ('19701', 'SANTA ROSA');
INSERT INTO `ciudad` VALUES ('19743', 'SILVIA');
INSERT INTO `ciudad` VALUES ('19760', 'SOTARA');
INSERT INTO `ciudad` VALUES ('19780', 'SUÁREZ');
INSERT INTO `ciudad` VALUES ('19785', 'SUCRE');
INSERT INTO `ciudad` VALUES ('19807', 'TIMBÍO');
INSERT INTO `ciudad` VALUES ('19809', 'TIMBIQUÍ');
INSERT INTO `ciudad` VALUES ('19821', 'TORIBÍO');
INSERT INTO `ciudad` VALUES ('19824', 'TOTORÓ');
INSERT INTO `ciudad` VALUES ('19845', 'VILLA RICA');
INSERT INTO `ciudad` VALUES ('20001', 'VALLEDUPAR');
INSERT INTO `ciudad` VALUES ('20011', 'AGUACHICA');
INSERT INTO `ciudad` VALUES ('20013', 'AGUSTÍN CODAZZI');
INSERT INTO `ciudad` VALUES ('20032', 'ASTREA');
INSERT INTO `ciudad` VALUES ('20045', 'BECERRIL');
INSERT INTO `ciudad` VALUES ('20060', 'BOSCONIA');
INSERT INTO `ciudad` VALUES ('20175', 'CHIMICHAGUA');
INSERT INTO `ciudad` VALUES ('20178', 'CHIRIGUANÁ');
INSERT INTO `ciudad` VALUES ('20228', 'CURUMANÍ');
INSERT INTO `ciudad` VALUES ('20238', 'EL COPEY');
INSERT INTO `ciudad` VALUES ('20250', 'EL PASO');
INSERT INTO `ciudad` VALUES ('20295', 'GAMARRA');
INSERT INTO `ciudad` VALUES ('20310', 'GONZÁLEZ');
INSERT INTO `ciudad` VALUES ('20383', 'LA GLORIA');
INSERT INTO `ciudad` VALUES ('20400', 'LA JAGUA DE IBIRICO');
INSERT INTO `ciudad` VALUES ('20443', 'MANAURE BALCÓN DEL CESAR');
INSERT INTO `ciudad` VALUES ('20517', 'PAILITAS');
INSERT INTO `ciudad` VALUES ('20550', 'PELAYA');
INSERT INTO `ciudad` VALUES ('20570', 'PUEBLO BELLO');
INSERT INTO `ciudad` VALUES ('20614', 'RÍO DE ORO');
INSERT INTO `ciudad` VALUES ('20621', 'LA PAZ');
INSERT INTO `ciudad` VALUES ('20710', 'SAN ALBERTO');
INSERT INTO `ciudad` VALUES ('20750', 'SAN DIEGO');
INSERT INTO `ciudad` VALUES ('20770', 'SAN MARTÍN');
INSERT INTO `ciudad` VALUES ('20787', 'TAMALAMEQUE');
INSERT INTO `ciudad` VALUES ('23001', 'MONTERÍA');
INSERT INTO `ciudad` VALUES ('23068', 'AYAPEL');
INSERT INTO `ciudad` VALUES ('23079', 'BUENAVISTA');
INSERT INTO `ciudad` VALUES ('23090', 'CANALETE');
INSERT INTO `ciudad` VALUES ('23162', 'CERETÉ');
INSERT INTO `ciudad` VALUES ('23168', 'CHIMÁ');
INSERT INTO `ciudad` VALUES ('23182', 'CHINÚ');
INSERT INTO `ciudad` VALUES ('23189', 'CIÉNAGA DE ORO');
INSERT INTO `ciudad` VALUES ('23300', 'COTORRA');
INSERT INTO `ciudad` VALUES ('23350', 'LA APARTADA');
INSERT INTO `ciudad` VALUES ('23417', 'LORICA');
INSERT INTO `ciudad` VALUES ('23419', 'LOS CÓRDOBAS');
INSERT INTO `ciudad` VALUES ('23464', 'MOMIL');
INSERT INTO `ciudad` VALUES ('23466', 'MONTELÍBANO');
INSERT INTO `ciudad` VALUES ('23500', 'MOÑITOS');
INSERT INTO `ciudad` VALUES ('23555', 'PLANETA RICA');
INSERT INTO `ciudad` VALUES ('23570', 'PUEBLO NUEVO');
INSERT INTO `ciudad` VALUES ('23574', 'PUERTO ESCONDIDO');
INSERT INTO `ciudad` VALUES ('23580', 'PUERTO LIBERTADOR');
INSERT INTO `ciudad` VALUES ('23586', 'PURÍSIMA DE LA CONCEPCIÓN');
INSERT INTO `ciudad` VALUES ('23660', 'SAHAGÚN');
INSERT INTO `ciudad` VALUES ('23670', 'SAN ANDRÉS DE SOTAVENTO');
INSERT INTO `ciudad` VALUES ('23672', 'SAN ANTERO');
INSERT INTO `ciudad` VALUES ('23675', 'SAN BERNARDO DEL VIENTO');
INSERT INTO `ciudad` VALUES ('23678', 'SAN CARLOS');
INSERT INTO `ciudad` VALUES ('23682', 'SAN JOSÉ DE URÉ');
INSERT INTO `ciudad` VALUES ('23686', 'SAN PELAYO');
INSERT INTO `ciudad` VALUES ('23807', 'TIERRALTA');
INSERT INTO `ciudad` VALUES ('23815', 'TUCHÍN');
INSERT INTO `ciudad` VALUES ('23855', 'VALENCIA');
INSERT INTO `ciudad` VALUES ('25001', 'AGUA DE DIOS');
INSERT INTO `ciudad` VALUES ('25019', 'ALBÁN');
INSERT INTO `ciudad` VALUES ('25035', 'ANAPOIMA');
INSERT INTO `ciudad` VALUES ('25040', 'ANOLAIMA');
INSERT INTO `ciudad` VALUES ('25053', 'ARBELÁEZ');
INSERT INTO `ciudad` VALUES ('25086', 'BELTRÁN');
INSERT INTO `ciudad` VALUES ('25095', 'BITUIMA');
INSERT INTO `ciudad` VALUES ('25099', 'BOJACÁ');
INSERT INTO `ciudad` VALUES ('25120', 'CABRERA');
INSERT INTO `ciudad` VALUES ('25123', 'CACHIPAY');
INSERT INTO `ciudad` VALUES ('25126', 'CAJICÁ');
INSERT INTO `ciudad` VALUES ('25148', 'CAPARRAPÍ');
INSERT INTO `ciudad` VALUES ('25151', 'CÁQUEZA');
INSERT INTO `ciudad` VALUES ('25154', 'CARMEN DE CARUPA');
INSERT INTO `ciudad` VALUES ('25168', 'CHAGUANÍ');
INSERT INTO `ciudad` VALUES ('25175', 'CHÍA');
INSERT INTO `ciudad` VALUES ('25178', 'CHIPAQUE');
INSERT INTO `ciudad` VALUES ('25181', 'CHOACHÍ');
INSERT INTO `ciudad` VALUES ('25183', 'CHOCONTÁ');
INSERT INTO `ciudad` VALUES ('25200', 'COGUA');
INSERT INTO `ciudad` VALUES ('25214', 'COTA');
INSERT INTO `ciudad` VALUES ('25224', 'CUCUNUBÁ');
INSERT INTO `ciudad` VALUES ('25245', 'EL COLEGIO');
INSERT INTO `ciudad` VALUES ('25258', 'EL PEÑÓN');
INSERT INTO `ciudad` VALUES ('25260', 'EL ROSAL');
INSERT INTO `ciudad` VALUES ('25269', 'FACATATIVÁ');
INSERT INTO `ciudad` VALUES ('25279', 'FÓMEQUE');
INSERT INTO `ciudad` VALUES ('25281', 'FOSCA');
INSERT INTO `ciudad` VALUES ('25286', 'FUNZA');
INSERT INTO `ciudad` VALUES ('25288', 'FÚQUENE');
INSERT INTO `ciudad` VALUES ('25290', 'FUSAGASUGÁ');
INSERT INTO `ciudad` VALUES ('25293', 'GACHALÁ');
INSERT INTO `ciudad` VALUES ('25295', 'GACHANCIPÁ');
INSERT INTO `ciudad` VALUES ('25297', 'GACHETÁ');
INSERT INTO `ciudad` VALUES ('25299', 'GAMA');
INSERT INTO `ciudad` VALUES ('25307', 'GIRARDOT');
INSERT INTO `ciudad` VALUES ('25312', 'GRANADA');
INSERT INTO `ciudad` VALUES ('25317', 'GUACHETÁ');
INSERT INTO `ciudad` VALUES ('25320', 'GUADUAS');
INSERT INTO `ciudad` VALUES ('25322', 'GUASCA');
INSERT INTO `ciudad` VALUES ('25324', 'GUATAQUÍ');
INSERT INTO `ciudad` VALUES ('25326', 'GUATAVITA');
INSERT INTO `ciudad` VALUES ('25328', 'GUAYABAL DE SÍQUIMA');
INSERT INTO `ciudad` VALUES ('25335', 'GUAYABETAL');
INSERT INTO `ciudad` VALUES ('25339', 'GUTIÉRREZ');
INSERT INTO `ciudad` VALUES ('25368', 'JERUSALÉN');
INSERT INTO `ciudad` VALUES ('25372', 'JUNÍN');
INSERT INTO `ciudad` VALUES ('25377', 'LA CALERA');
INSERT INTO `ciudad` VALUES ('25386', 'LA MESA');
INSERT INTO `ciudad` VALUES ('25394', 'LA PALMA');
INSERT INTO `ciudad` VALUES ('25398', 'LA PEÑA');
INSERT INTO `ciudad` VALUES ('25402', 'LA VEGA');
INSERT INTO `ciudad` VALUES ('25407', 'LENGUAZAQUE');
INSERT INTO `ciudad` VALUES ('25426', 'MACHETÁ');
INSERT INTO `ciudad` VALUES ('25430', 'MADRID');
INSERT INTO `ciudad` VALUES ('25436', 'MANTA');
INSERT INTO `ciudad` VALUES ('25438', 'MEDINA');
INSERT INTO `ciudad` VALUES ('25473', 'MOSQUERA');
INSERT INTO `ciudad` VALUES ('25483', 'NARIÑO');
INSERT INTO `ciudad` VALUES ('25486', 'NEMOCÓN');
INSERT INTO `ciudad` VALUES ('25488', 'NILO');
INSERT INTO `ciudad` VALUES ('25489', 'NIMAIMA');
INSERT INTO `ciudad` VALUES ('25491', 'NOCAIMA');
INSERT INTO `ciudad` VALUES ('25506', 'VENECIA');
INSERT INTO `ciudad` VALUES ('25513', 'PACHO');
INSERT INTO `ciudad` VALUES ('25518', 'PAIME');
INSERT INTO `ciudad` VALUES ('25524', 'PANDI');
INSERT INTO `ciudad` VALUES ('25530', 'PARATEBUENO');
INSERT INTO `ciudad` VALUES ('25535', 'PASCA');
INSERT INTO `ciudad` VALUES ('25572', 'PUERTO SALGAR');
INSERT INTO `ciudad` VALUES ('25580', 'PULÍ');
INSERT INTO `ciudad` VALUES ('25592', 'QUEBRADANEGRA');
INSERT INTO `ciudad` VALUES ('25594', 'QUETAME');
INSERT INTO `ciudad` VALUES ('25596', 'QUIPILE');
INSERT INTO `ciudad` VALUES ('25599', 'APULO');
INSERT INTO `ciudad` VALUES ('25612', 'RICAURTE');
INSERT INTO `ciudad` VALUES ('25645', 'SAN ANTONIO DEL TEQUENDAMA');
INSERT INTO `ciudad` VALUES ('25649', 'SAN BERNARDO');
INSERT INTO `ciudad` VALUES ('25653', 'SAN CAYETANO');
INSERT INTO `ciudad` VALUES ('25658', 'SAN FRANCISCO');
INSERT INTO `ciudad` VALUES ('25662', 'SAN JUAN DE RIOSECO');
INSERT INTO `ciudad` VALUES ('25718', 'SASAIMA');
INSERT INTO `ciudad` VALUES ('25736', 'SESQUILÉ');
INSERT INTO `ciudad` VALUES ('25740', 'SIBATÉ');
INSERT INTO `ciudad` VALUES ('25743', 'SILVANIA');
INSERT INTO `ciudad` VALUES ('25745', 'SIMIJACA');
INSERT INTO `ciudad` VALUES ('25754', 'SOACHA');
INSERT INTO `ciudad` VALUES ('25758', 'SOPÓ');
INSERT INTO `ciudad` VALUES ('25769', 'SUBACHOQUE');
INSERT INTO `ciudad` VALUES ('25772', 'SUESCA');
INSERT INTO `ciudad` VALUES ('25777', 'SUPATÁ');
INSERT INTO `ciudad` VALUES ('25779', 'SUSA');
INSERT INTO `ciudad` VALUES ('25781', 'SUTATAUSA');
INSERT INTO `ciudad` VALUES ('25785', 'TABIO');
INSERT INTO `ciudad` VALUES ('25793', 'TAUSA');
INSERT INTO `ciudad` VALUES ('25797', 'TENA');
INSERT INTO `ciudad` VALUES ('25799', 'TENJO');
INSERT INTO `ciudad` VALUES ('25805', 'TIBACUY');
INSERT INTO `ciudad` VALUES ('25807', 'TIBIRITA');
INSERT INTO `ciudad` VALUES ('25815', 'TOCAIMA');
INSERT INTO `ciudad` VALUES ('25817', 'TOCANCIPÁ');
INSERT INTO `ciudad` VALUES ('25823', 'TOPAIPÍ');
INSERT INTO `ciudad` VALUES ('25839', 'UBALÁ');
INSERT INTO `ciudad` VALUES ('25841', 'UBAQUE');
INSERT INTO `ciudad` VALUES ('25843', 'VILLA DE SAN DIEGO DE UBATÉ');
INSERT INTO `ciudad` VALUES ('25845', 'UNE');
INSERT INTO `ciudad` VALUES ('25851', 'ÚTICA');
INSERT INTO `ciudad` VALUES ('25862', 'VERGARA');
INSERT INTO `ciudad` VALUES ('25867', 'VIANÍ');
INSERT INTO `ciudad` VALUES ('25871', 'VILLAGÓMEZ');
INSERT INTO `ciudad` VALUES ('25873', 'VILLAPINZÓN');
INSERT INTO `ciudad` VALUES ('25875', 'VILLETA');
INSERT INTO `ciudad` VALUES ('25878', 'VIOTÁ');
INSERT INTO `ciudad` VALUES ('25885', 'YACOPÍ');
INSERT INTO `ciudad` VALUES ('25898', 'ZIPACÓN');
INSERT INTO `ciudad` VALUES ('25899', 'ZIPAQUIRÁ');
INSERT INTO `ciudad` VALUES ('27001', 'QUIBDÓ');
INSERT INTO `ciudad` VALUES ('27006', 'ACANDÍ');
INSERT INTO `ciudad` VALUES ('27025', 'ALTO BAUDÓ');
INSERT INTO `ciudad` VALUES ('27050', 'ATRATO');
INSERT INTO `ciudad` VALUES ('27073', 'BAGADÓ');
INSERT INTO `ciudad` VALUES ('27075', 'BAHÍA SOLANO');
INSERT INTO `ciudad` VALUES ('27077', 'BAJO BAUDÓ');
INSERT INTO `ciudad` VALUES ('27099', 'BOJAYÁ');
INSERT INTO `ciudad` VALUES ('27135', 'EL CANTÓN DEL SAN PABLO');
INSERT INTO `ciudad` VALUES ('27150', 'CARMEN DEL DARIÉN');
INSERT INTO `ciudad` VALUES ('27160', 'CÉRTEGUI');
INSERT INTO `ciudad` VALUES ('27205', 'CONDOTO');
INSERT INTO `ciudad` VALUES ('27245', 'EL CARMEN DE ATRATO');
INSERT INTO `ciudad` VALUES ('27250', 'EL LITORAL DEL SAN JUAN');
INSERT INTO `ciudad` VALUES ('27361', 'ISTMINA');
INSERT INTO `ciudad` VALUES ('27372', 'JURADÓ');
INSERT INTO `ciudad` VALUES ('27413', 'LLORÓ');
INSERT INTO `ciudad` VALUES ('27425', 'MEDIO ATRATO');
INSERT INTO `ciudad` VALUES ('27430', 'MEDIO BAUDÓ');
INSERT INTO `ciudad` VALUES ('27450', 'MEDIO SAN JUAN');
INSERT INTO `ciudad` VALUES ('27491', 'NÓVITA');
INSERT INTO `ciudad` VALUES ('27495', 'NUQUÍ');
INSERT INTO `ciudad` VALUES ('27580', 'RÍO IRÓ');
INSERT INTO `ciudad` VALUES ('27600', 'RÍO QUITO');
INSERT INTO `ciudad` VALUES ('27615', 'RIOSUCIO');
INSERT INTO `ciudad` VALUES ('27660', 'SAN JOSÉ DEL PALMAR');
INSERT INTO `ciudad` VALUES ('27745', 'SIPÍ');
INSERT INTO `ciudad` VALUES ('27787', 'TADÓ');
INSERT INTO `ciudad` VALUES ('27800', 'UNGUÍA');
INSERT INTO `ciudad` VALUES ('27810', 'UNIÓN PANAMERICANA');
INSERT INTO `ciudad` VALUES ('41001', 'NEIVA');
INSERT INTO `ciudad` VALUES ('41006', 'ACEVEDO');
INSERT INTO `ciudad` VALUES ('41013', 'AGRADO');
INSERT INTO `ciudad` VALUES ('41016', 'AIPE');
INSERT INTO `ciudad` VALUES ('41020', 'ALGECIRAS');
INSERT INTO `ciudad` VALUES ('41026', 'ALTAMIRA');
INSERT INTO `ciudad` VALUES ('41078', 'BARAYA');
INSERT INTO `ciudad` VALUES ('41132', 'CAMPOALEGRE');
INSERT INTO `ciudad` VALUES ('41206', 'COLOMBIA');
INSERT INTO `ciudad` VALUES ('41244', 'ELÍAS');
INSERT INTO `ciudad` VALUES ('41298', 'GARZÓN');
INSERT INTO `ciudad` VALUES ('41306', 'GIGANTE');
INSERT INTO `ciudad` VALUES ('41319', 'GUADALUPE');
INSERT INTO `ciudad` VALUES ('41349', 'HOBO');
INSERT INTO `ciudad` VALUES ('41357', 'ÍQUIRA');
INSERT INTO `ciudad` VALUES ('41359', 'ISNOS');
INSERT INTO `ciudad` VALUES ('41378', 'LA ARGENTINA');
INSERT INTO `ciudad` VALUES ('41396', 'LA PLATA');
INSERT INTO `ciudad` VALUES ('41483', 'NÁTAGA');
INSERT INTO `ciudad` VALUES ('41503', 'OPORAPA');
INSERT INTO `ciudad` VALUES ('41518', 'PAICOL');
INSERT INTO `ciudad` VALUES ('41524', 'PALERMO');
INSERT INTO `ciudad` VALUES ('41530', 'PALESTINA');
INSERT INTO `ciudad` VALUES ('41548', 'PITAL');
INSERT INTO `ciudad` VALUES ('41551', 'PITALITO');
INSERT INTO `ciudad` VALUES ('41615', 'RIVERA');
INSERT INTO `ciudad` VALUES ('41660', 'SALADOBLANCO');
INSERT INTO `ciudad` VALUES ('41668', 'SAN AGUSTÍN');
INSERT INTO `ciudad` VALUES ('41676', 'SANTA MARÍA');
INSERT INTO `ciudad` VALUES ('41770', 'SUAZA');
INSERT INTO `ciudad` VALUES ('41791', 'TARQUI');
INSERT INTO `ciudad` VALUES ('41797', 'TESALIA');
INSERT INTO `ciudad` VALUES ('41799', 'TELLO');
INSERT INTO `ciudad` VALUES ('41801', 'TERUEL');
INSERT INTO `ciudad` VALUES ('41807', 'TIMANÁ');
INSERT INTO `ciudad` VALUES ('41872', 'VILLAVIEJA');
INSERT INTO `ciudad` VALUES ('41885', 'YAGUARÁ');
INSERT INTO `ciudad` VALUES ('44001', 'RIOHACHA');
INSERT INTO `ciudad` VALUES ('44035', 'ALBANIA');
INSERT INTO `ciudad` VALUES ('44078', 'BARRANCAS');
INSERT INTO `ciudad` VALUES ('44090', 'DIBULLA');
INSERT INTO `ciudad` VALUES ('44098', 'DISTRACCIÓN');
INSERT INTO `ciudad` VALUES ('44110', 'EL MOLINO');
INSERT INTO `ciudad` VALUES ('44279', 'FONSECA');
INSERT INTO `ciudad` VALUES ('44378', 'HATONUEVO');
INSERT INTO `ciudad` VALUES ('44420', 'LA JAGUA DEL PILAR');
INSERT INTO `ciudad` VALUES ('44430', 'MAICAO');
INSERT INTO `ciudad` VALUES ('44560', 'MANAURE');
INSERT INTO `ciudad` VALUES ('44650', 'SAN JUAN DEL CESAR');
INSERT INTO `ciudad` VALUES ('44847', 'URIBIA');
INSERT INTO `ciudad` VALUES ('44855', 'URUMITA');
INSERT INTO `ciudad` VALUES ('44874', 'VILLANUEVA');
INSERT INTO `ciudad` VALUES ('47001', 'SANTA MARTA');
INSERT INTO `ciudad` VALUES ('47030', 'ALGARROBO');
INSERT INTO `ciudad` VALUES ('47053', 'ARACATACA');
INSERT INTO `ciudad` VALUES ('47058', 'ARIGUANÍ');
INSERT INTO `ciudad` VALUES ('47161', 'CERRO DE SAN ANTONIO');
INSERT INTO `ciudad` VALUES ('47170', 'CHIVOLO');
INSERT INTO `ciudad` VALUES ('47189', 'CIÉNAGA');
INSERT INTO `ciudad` VALUES ('47205', 'CONCORDIA');
INSERT INTO `ciudad` VALUES ('47245', 'EL BANCO');
INSERT INTO `ciudad` VALUES ('47258', 'EL PIÑÓN');
INSERT INTO `ciudad` VALUES ('47268', 'EL RETÉN');
INSERT INTO `ciudad` VALUES ('47288', 'FUNDACIÓN');
INSERT INTO `ciudad` VALUES ('47318', 'GUAMAL');
INSERT INTO `ciudad` VALUES ('47460', 'NUEVA GRANADA');
INSERT INTO `ciudad` VALUES ('47541', 'PEDRAZA');
INSERT INTO `ciudad` VALUES ('47545', 'PIJIÑO DEL CARMEN');
INSERT INTO `ciudad` VALUES ('47551', 'PIVIJAY');
INSERT INTO `ciudad` VALUES ('47555', 'PLATO');
INSERT INTO `ciudad` VALUES ('47570', 'PUEBLOVIEJO');
INSERT INTO `ciudad` VALUES ('47605', 'REMOLINO');
INSERT INTO `ciudad` VALUES ('47660', 'SABANAS DE SAN ÁNGEL');
INSERT INTO `ciudad` VALUES ('47675', 'SALAMINA');
INSERT INTO `ciudad` VALUES ('47692', 'SAN SEBASTIÁN DE BUENAVISTA');
INSERT INTO `ciudad` VALUES ('47703', 'SAN ZENÓN');
INSERT INTO `ciudad` VALUES ('47707', 'SANTA ANA');
INSERT INTO `ciudad` VALUES ('47720', 'SANTA BÁRBARA DE PINTO');
INSERT INTO `ciudad` VALUES ('47745', 'SITIONUEVO');
INSERT INTO `ciudad` VALUES ('47798', 'TENERIFE');
INSERT INTO `ciudad` VALUES ('47960', 'ZAPAYÁN');
INSERT INTO `ciudad` VALUES ('47980', 'ZONA BANANERA');
INSERT INTO `ciudad` VALUES ('50001', 'VILLAVICENCIO');
INSERT INTO `ciudad` VALUES ('50006', 'ACACÍAS');
INSERT INTO `ciudad` VALUES ('50110', 'BARRANCA DE UPÍA');
INSERT INTO `ciudad` VALUES ('50124', 'CABUYARO');
INSERT INTO `ciudad` VALUES ('50150', 'CASTILLA LA NUEVA');
INSERT INTO `ciudad` VALUES ('50223', 'SAN LUIS DE CUBARRAL');
INSERT INTO `ciudad` VALUES ('50226', 'CUMARAL');
INSERT INTO `ciudad` VALUES ('50245', 'EL CALVARIO');
INSERT INTO `ciudad` VALUES ('50251', 'EL CASTILLO');
INSERT INTO `ciudad` VALUES ('50270', 'EL DORADO');
INSERT INTO `ciudad` VALUES ('50287', 'FUENTE DE ORO');
INSERT INTO `ciudad` VALUES ('50313', 'GRANADA');
INSERT INTO `ciudad` VALUES ('50318', 'GUAMAL');
INSERT INTO `ciudad` VALUES ('50325', 'MAPIRIPÁN');
INSERT INTO `ciudad` VALUES ('50330', 'MESETAS');
INSERT INTO `ciudad` VALUES ('50350', 'LA MACARENA');
INSERT INTO `ciudad` VALUES ('50370', 'URIBE');
INSERT INTO `ciudad` VALUES ('50400', 'LEJANÍAS');
INSERT INTO `ciudad` VALUES ('50450', 'PUERTO CONCORDIA');
INSERT INTO `ciudad` VALUES ('50568', 'PUERTO GAITÁN');
INSERT INTO `ciudad` VALUES ('50573', 'PUERTO LÓPEZ');
INSERT INTO `ciudad` VALUES ('50577', 'PUERTO LLERAS');
INSERT INTO `ciudad` VALUES ('50590', 'PUERTO RICO');
INSERT INTO `ciudad` VALUES ('50606', 'RESTREPO');
INSERT INTO `ciudad` VALUES ('50680', 'SAN CARLOS DE GUAROA');
INSERT INTO `ciudad` VALUES ('50683', 'SAN JUAN DE ARAMA');
INSERT INTO `ciudad` VALUES ('50686', 'SAN JUANITO');
INSERT INTO `ciudad` VALUES ('50689', 'SAN MARTÍN');
INSERT INTO `ciudad` VALUES ('50711', 'VISTAHERMOSA');
INSERT INTO `ciudad` VALUES ('52001', 'PASTO');
INSERT INTO `ciudad` VALUES ('52019', 'ALBÁN');
INSERT INTO `ciudad` VALUES ('52022', 'ALDANA');
INSERT INTO `ciudad` VALUES ('52036', 'ANCUYÁ');
INSERT INTO `ciudad` VALUES ('52051', 'ARBOLEDA');
INSERT INTO `ciudad` VALUES ('52079', 'BARBACOAS');
INSERT INTO `ciudad` VALUES ('52083', 'BELÉN');
INSERT INTO `ciudad` VALUES ('52110', 'BUESACO');
INSERT INTO `ciudad` VALUES ('52203', 'COLÓN');
INSERT INTO `ciudad` VALUES ('52207', 'CONSACÁ');
INSERT INTO `ciudad` VALUES ('52210', 'CONTADERO');
INSERT INTO `ciudad` VALUES ('52215', 'CÓRDOBA');
INSERT INTO `ciudad` VALUES ('52224', 'CUASPÚD');
INSERT INTO `ciudad` VALUES ('52227', 'CUMBAL');
INSERT INTO `ciudad` VALUES ('52233', 'CUMBITARA');
INSERT INTO `ciudad` VALUES ('52240', 'CHACHAGÜÍ');
INSERT INTO `ciudad` VALUES ('52250', 'EL CHARCO');
INSERT INTO `ciudad` VALUES ('52254', 'EL PEÑOL');
INSERT INTO `ciudad` VALUES ('52256', 'EL ROSARIO');
INSERT INTO `ciudad` VALUES ('52258', 'EL TABLÓN DE GÓMEZ');
INSERT INTO `ciudad` VALUES ('52260', 'EL TAMBO');
INSERT INTO `ciudad` VALUES ('52287', 'FUNES');
INSERT INTO `ciudad` VALUES ('52317', 'GUACHUCAL');
INSERT INTO `ciudad` VALUES ('52320', 'GUAITARILLA');
INSERT INTO `ciudad` VALUES ('52323', 'GUALMATÁN');
INSERT INTO `ciudad` VALUES ('52352', 'ILES');
INSERT INTO `ciudad` VALUES ('52354', 'IMUÉS');
INSERT INTO `ciudad` VALUES ('52356', 'IPIALES');
INSERT INTO `ciudad` VALUES ('52378', 'LA CRUZ');
INSERT INTO `ciudad` VALUES ('52381', 'LA FLORIDA');
INSERT INTO `ciudad` VALUES ('52385', 'LA LLANADA');
INSERT INTO `ciudad` VALUES ('52390', 'LA TOLA');
INSERT INTO `ciudad` VALUES ('52399', 'LA UNIÓN');
INSERT INTO `ciudad` VALUES ('52405', 'LEIVA');
INSERT INTO `ciudad` VALUES ('52411', 'LINARES');
INSERT INTO `ciudad` VALUES ('52418', 'LOS ANDES');
INSERT INTO `ciudad` VALUES ('52427', 'MAGÜÍ');
INSERT INTO `ciudad` VALUES ('52435', 'MALLAMA');
INSERT INTO `ciudad` VALUES ('52473', 'MOSQUERA');
INSERT INTO `ciudad` VALUES ('52480', 'NARIÑO');
INSERT INTO `ciudad` VALUES ('52490', 'OLAYA HERRERA');
INSERT INTO `ciudad` VALUES ('52506', 'OSPINA');
INSERT INTO `ciudad` VALUES ('52520', 'FRANCISCO PIZARRO');
INSERT INTO `ciudad` VALUES ('52540', 'POLICARPA');
INSERT INTO `ciudad` VALUES ('52560', 'POTOSÍ');
INSERT INTO `ciudad` VALUES ('52565', 'PROVIDENCIA');
INSERT INTO `ciudad` VALUES ('52573', 'PUERRES');
INSERT INTO `ciudad` VALUES ('52585', 'PUPIALES');
INSERT INTO `ciudad` VALUES ('52612', 'RICAURTE');
INSERT INTO `ciudad` VALUES ('52621', 'ROBERTO PAYÁN');
INSERT INTO `ciudad` VALUES ('52678', 'SAMANIEGO');
INSERT INTO `ciudad` VALUES ('52683', 'SANDONÁ');
INSERT INTO `ciudad` VALUES ('52685', 'SAN BERNARDO');
INSERT INTO `ciudad` VALUES ('52687', 'SAN LORENZO');
INSERT INTO `ciudad` VALUES ('52693', 'SAN PABLO');
INSERT INTO `ciudad` VALUES ('52694', 'SAN PEDRO DE CARTAGO');
INSERT INTO `ciudad` VALUES ('52696', 'SANTA BÁRBARA');
INSERT INTO `ciudad` VALUES ('52699', 'SANTACRUZ');
INSERT INTO `ciudad` VALUES ('52720', 'SAPUYES');
INSERT INTO `ciudad` VALUES ('52786', 'TAMINANGO');
INSERT INTO `ciudad` VALUES ('52788', 'TANGUA');
INSERT INTO `ciudad` VALUES ('52835', 'SAN ANDRÉS DE TUMACO');
INSERT INTO `ciudad` VALUES ('52838', 'TÚQUERRES');
INSERT INTO `ciudad` VALUES ('52885', 'YACUANQUER');
INSERT INTO `ciudad` VALUES ('54001', 'CÚCUTA');
INSERT INTO `ciudad` VALUES ('54003', 'ÁBREGO');
INSERT INTO `ciudad` VALUES ('54051', 'ARBOLEDAS');
INSERT INTO `ciudad` VALUES ('54099', 'BOCHALEMA');
INSERT INTO `ciudad` VALUES ('54109', 'BUCARASICA');
INSERT INTO `ciudad` VALUES ('54125', 'CÁCOTA');
INSERT INTO `ciudad` VALUES ('54128', 'CÁCHIRA');
INSERT INTO `ciudad` VALUES ('54172', 'CHINÁCOTA');
INSERT INTO `ciudad` VALUES ('54174', 'CHITAGÁ');
INSERT INTO `ciudad` VALUES ('54206', 'CONVENCIÓN');
INSERT INTO `ciudad` VALUES ('54223', 'CUCUTILLA');
INSERT INTO `ciudad` VALUES ('54239', 'DURANIA');
INSERT INTO `ciudad` VALUES ('54245', 'EL CARMEN');
INSERT INTO `ciudad` VALUES ('54250', 'EL TARRA');
INSERT INTO `ciudad` VALUES ('54261', 'EL ZULIA');
INSERT INTO `ciudad` VALUES ('54313', 'GRAMALOTE');
INSERT INTO `ciudad` VALUES ('54344', 'HACARÍ');
INSERT INTO `ciudad` VALUES ('54347', 'HERRÁN');
INSERT INTO `ciudad` VALUES ('54377', 'LABATECA');
INSERT INTO `ciudad` VALUES ('54385', 'LA ESPERANZA');
INSERT INTO `ciudad` VALUES ('54398', 'LA PLAYA');
INSERT INTO `ciudad` VALUES ('54405', 'LOS PATIOS');
INSERT INTO `ciudad` VALUES ('54418', 'LOURDES');
INSERT INTO `ciudad` VALUES ('54480', 'MUTISCUA');
INSERT INTO `ciudad` VALUES ('54498', 'OCAÑA');
INSERT INTO `ciudad` VALUES ('54518', 'PAMPLONA');
INSERT INTO `ciudad` VALUES ('54520', 'PAMPLONITA');
INSERT INTO `ciudad` VALUES ('54553', 'PUERTO SANTANDER');
INSERT INTO `ciudad` VALUES ('54599', 'RAGONVALIA');
INSERT INTO `ciudad` VALUES ('54660', 'SALAZAR');
INSERT INTO `ciudad` VALUES ('54670', 'SAN CALIXTO');
INSERT INTO `ciudad` VALUES ('54673', 'SAN CAYETANO');
INSERT INTO `ciudad` VALUES ('54680', 'SANTIAGO');
INSERT INTO `ciudad` VALUES ('54720', 'SARDINATA');
INSERT INTO `ciudad` VALUES ('54743', 'SILOS');
INSERT INTO `ciudad` VALUES ('54800', 'TEORAMA');
INSERT INTO `ciudad` VALUES ('54810', 'TIBÚ');
INSERT INTO `ciudad` VALUES ('54820', 'TOLEDO');
INSERT INTO `ciudad` VALUES ('54871', 'VILLA CARO');
INSERT INTO `ciudad` VALUES ('54874', 'VILLA DEL ROSARIO');
INSERT INTO `ciudad` VALUES ('63001', 'ARMENIA');
INSERT INTO `ciudad` VALUES ('63111', 'BUENAVISTA');
INSERT INTO `ciudad` VALUES ('63130', 'CALARCÁ');
INSERT INTO `ciudad` VALUES ('63190', 'CIRCASIA');
INSERT INTO `ciudad` VALUES ('63212', 'CÓRDOBA');
INSERT INTO `ciudad` VALUES ('63272', 'FILANDIA');
INSERT INTO `ciudad` VALUES ('63302', 'GÉNOVA');
INSERT INTO `ciudad` VALUES ('63401', 'LA TEBAIDA');
INSERT INTO `ciudad` VALUES ('63470', 'MONTENEGRO');
INSERT INTO `ciudad` VALUES ('63548', 'PIJAO');
INSERT INTO `ciudad` VALUES ('63594', 'QUIMBAYA');
INSERT INTO `ciudad` VALUES ('63690', 'SALENTO');
INSERT INTO `ciudad` VALUES ('66001', 'PEREIRA');
INSERT INTO `ciudad` VALUES ('66045', 'APÍA');
INSERT INTO `ciudad` VALUES ('66075', 'BALBOA');
INSERT INTO `ciudad` VALUES ('66088', 'BELÉN DE UMBRÍA');
INSERT INTO `ciudad` VALUES ('66170', 'DOSQUEBRADAS');
INSERT INTO `ciudad` VALUES ('66318', 'GUÁTICA');
INSERT INTO `ciudad` VALUES ('66383', 'LA CELIA');
INSERT INTO `ciudad` VALUES ('66400', 'LA VIRGINIA');
INSERT INTO `ciudad` VALUES ('66440', 'MARSELLA');
INSERT INTO `ciudad` VALUES ('66456', 'MISTRATÓ');
INSERT INTO `ciudad` VALUES ('66572', 'PUEBLO RICO');
INSERT INTO `ciudad` VALUES ('66594', 'QUINCHÍA');
INSERT INTO `ciudad` VALUES ('66682', 'SANTA ROSA DE CABAL');
INSERT INTO `ciudad` VALUES ('66687', 'SANTUARIO');
INSERT INTO `ciudad` VALUES ('68001', 'BUCARAMANGA');
INSERT INTO `ciudad` VALUES ('68013', 'AGUADA');
INSERT INTO `ciudad` VALUES ('68020', 'ALBANIA');
INSERT INTO `ciudad` VALUES ('68051', 'ARATOCA');
INSERT INTO `ciudad` VALUES ('68077', 'BARBOSA');
INSERT INTO `ciudad` VALUES ('68079', 'BARICHARA');
INSERT INTO `ciudad` VALUES ('68081', 'BARRANCABERMEJA');
INSERT INTO `ciudad` VALUES ('68092', 'BETULIA');
INSERT INTO `ciudad` VALUES ('68101', 'BOLÍVAR');
INSERT INTO `ciudad` VALUES ('68121', 'CABRERA');
INSERT INTO `ciudad` VALUES ('68132', 'CALIFORNIA');
INSERT INTO `ciudad` VALUES ('68147', 'CAPITANEJO');
INSERT INTO `ciudad` VALUES ('68152', 'CARCASÍ');
INSERT INTO `ciudad` VALUES ('68160', 'CEPITÁ');
INSERT INTO `ciudad` VALUES ('68162', 'CERRITO');
INSERT INTO `ciudad` VALUES ('68167', 'CHARALÁ');
INSERT INTO `ciudad` VALUES ('68169', 'CHARTA');
INSERT INTO `ciudad` VALUES ('68176', 'CHIMA');
INSERT INTO `ciudad` VALUES ('68179', 'CHIPATÁ');
INSERT INTO `ciudad` VALUES ('68190', 'CIMITARRA');
INSERT INTO `ciudad` VALUES ('68207', 'CONCEPCIÓN');
INSERT INTO `ciudad` VALUES ('68209', 'CONFINES');
INSERT INTO `ciudad` VALUES ('68211', 'CONTRATACIÓN');
INSERT INTO `ciudad` VALUES ('68217', 'COROMORO');
INSERT INTO `ciudad` VALUES ('68229', 'CURITÍ');
INSERT INTO `ciudad` VALUES ('68235', 'EL CARMEN DE CHUCURÍ');
INSERT INTO `ciudad` VALUES ('68245', 'EL GUACAMAYO');
INSERT INTO `ciudad` VALUES ('68250', 'EL PEÑÓN');
INSERT INTO `ciudad` VALUES ('68255', 'EL PLAYÓN');
INSERT INTO `ciudad` VALUES ('68264', 'ENCINO');
INSERT INTO `ciudad` VALUES ('68266', 'ENCISO');
INSERT INTO `ciudad` VALUES ('68271', 'FLORIÁN');
INSERT INTO `ciudad` VALUES ('68276', 'FLORIDABLANCA');
INSERT INTO `ciudad` VALUES ('68296', 'GALÁN');
INSERT INTO `ciudad` VALUES ('68298', 'GÁMBITA');
INSERT INTO `ciudad` VALUES ('68307', 'GIRÓN');
INSERT INTO `ciudad` VALUES ('68318', 'GUACA');
INSERT INTO `ciudad` VALUES ('68320', 'GUADALUPE');
INSERT INTO `ciudad` VALUES ('68322', 'GUAPOTÁ');
INSERT INTO `ciudad` VALUES ('68324', 'GUAVATÁ');
INSERT INTO `ciudad` VALUES ('68327', 'GÜEPSA');
INSERT INTO `ciudad` VALUES ('68344', 'HATO');
INSERT INTO `ciudad` VALUES ('68368', 'JESÚS MARÍA');
INSERT INTO `ciudad` VALUES ('68370', 'JORDÁN');
INSERT INTO `ciudad` VALUES ('68377', 'LA BELLEZA');
INSERT INTO `ciudad` VALUES ('68385', 'LANDÁZURI');
INSERT INTO `ciudad` VALUES ('68397', 'LA PAZ');
INSERT INTO `ciudad` VALUES ('68406', 'LEBRIJA');
INSERT INTO `ciudad` VALUES ('68418', 'LOS SANTOS');
INSERT INTO `ciudad` VALUES ('68425', 'MACARAVITA');
INSERT INTO `ciudad` VALUES ('68432', 'MÁLAGA');
INSERT INTO `ciudad` VALUES ('68444', 'MATANZA');
INSERT INTO `ciudad` VALUES ('68464', 'MOGOTES');
INSERT INTO `ciudad` VALUES ('68468', 'MOLAGAVITA');
INSERT INTO `ciudad` VALUES ('68498', 'OCAMONTE');
INSERT INTO `ciudad` VALUES ('68500', 'OIBA');
INSERT INTO `ciudad` VALUES ('68502', 'ONZAGA');
INSERT INTO `ciudad` VALUES ('68522', 'PALMAR');
INSERT INTO `ciudad` VALUES ('68524', 'PALMAS DEL SOCORRO');
INSERT INTO `ciudad` VALUES ('68533', 'PÁRAMO');
INSERT INTO `ciudad` VALUES ('68547', 'PIEDECUESTA');
INSERT INTO `ciudad` VALUES ('68549', 'PINCHOTE');
INSERT INTO `ciudad` VALUES ('68572', 'PUENTE NACIONAL');
INSERT INTO `ciudad` VALUES ('68573', 'PUERTO PARRA');
INSERT INTO `ciudad` VALUES ('68575', 'PUERTO WILCHES');
INSERT INTO `ciudad` VALUES ('68615', 'RIONEGRO');
INSERT INTO `ciudad` VALUES ('68655', 'SABANA DE TORRES');
INSERT INTO `ciudad` VALUES ('68669', 'SAN ANDRÉS');
INSERT INTO `ciudad` VALUES ('68673', 'SAN BENITO');
INSERT INTO `ciudad` VALUES ('68679', 'SAN GIL');
INSERT INTO `ciudad` VALUES ('68682', 'SAN JOAQUÍN');
INSERT INTO `ciudad` VALUES ('68684', 'SAN JOSÉ DE MIRANDA');
INSERT INTO `ciudad` VALUES ('68686', 'SAN MIGUEL');
INSERT INTO `ciudad` VALUES ('68689', 'SAN VICENTE DE CHUCURÍ');
INSERT INTO `ciudad` VALUES ('68705', 'SANTA BÁRBARA');
INSERT INTO `ciudad` VALUES ('68720', 'SANTA HELENA DEL OPÓN');
INSERT INTO `ciudad` VALUES ('68745', 'SIMACOTA');
INSERT INTO `ciudad` VALUES ('68755', 'SOCORRO');
INSERT INTO `ciudad` VALUES ('68770', 'SUAITA');
INSERT INTO `ciudad` VALUES ('68773', 'SUCRE');
INSERT INTO `ciudad` VALUES ('68780', 'SURATÁ');
INSERT INTO `ciudad` VALUES ('68820', 'TONA');
INSERT INTO `ciudad` VALUES ('68855', 'VALLE DE SAN JOSÉ');
INSERT INTO `ciudad` VALUES ('68861', 'VÉLEZ');
INSERT INTO `ciudad` VALUES ('68867', 'VETAS');
INSERT INTO `ciudad` VALUES ('68872', 'VILLANUEVA');
INSERT INTO `ciudad` VALUES ('68895', 'ZAPATOCA');
INSERT INTO `ciudad` VALUES ('70001', 'SINCELEJO');
INSERT INTO `ciudad` VALUES ('70110', 'BUENAVISTA');
INSERT INTO `ciudad` VALUES ('70124', 'CAIMITO');
INSERT INTO `ciudad` VALUES ('70204', 'COLOSO');
INSERT INTO `ciudad` VALUES ('70215', 'COROZAL');
INSERT INTO `ciudad` VALUES ('70221', 'COVEÑAS');
INSERT INTO `ciudad` VALUES ('70230', 'CHALÁN');
INSERT INTO `ciudad` VALUES ('70233', 'EL ROBLE');
INSERT INTO `ciudad` VALUES ('70235', 'GALERAS');
INSERT INTO `ciudad` VALUES ('70265', 'GUARANDA');
INSERT INTO `ciudad` VALUES ('70400', 'LA UNIÓN');
INSERT INTO `ciudad` VALUES ('70418', 'LOS PALMITOS');
INSERT INTO `ciudad` VALUES ('70429', 'MAJAGUAL');
INSERT INTO `ciudad` VALUES ('70473', 'MORROA');
INSERT INTO `ciudad` VALUES ('70508', 'OVEJAS');
INSERT INTO `ciudad` VALUES ('70523', 'PALMITO');
INSERT INTO `ciudad` VALUES ('70670', 'SAMPUÉS');
INSERT INTO `ciudad` VALUES ('70678', 'SAN BENITO ABAD');
INSERT INTO `ciudad` VALUES ('70702', 'SAN JUAN DE BETULIA');
INSERT INTO `ciudad` VALUES ('70708', 'SAN MARCOS');
INSERT INTO `ciudad` VALUES ('70713', 'SAN ONOFRE');
INSERT INTO `ciudad` VALUES ('70717', 'SAN PEDRO');
INSERT INTO `ciudad` VALUES ('70742', 'SAN LUIS DE SINCÉ');
INSERT INTO `ciudad` VALUES ('70771', 'SUCRE');
INSERT INTO `ciudad` VALUES ('70820', 'SANTIAGO DE TOLÚ');
INSERT INTO `ciudad` VALUES ('70823', 'TOLÚ VIEJO');
INSERT INTO `ciudad` VALUES ('73001', 'IBAGUÉ');
INSERT INTO `ciudad` VALUES ('73024', 'ALPUJARRA');
INSERT INTO `ciudad` VALUES ('73026', 'ALVARADO');
INSERT INTO `ciudad` VALUES ('73030', 'AMBALEMA');
INSERT INTO `ciudad` VALUES ('73043', 'ANZOÁTEGUI');
INSERT INTO `ciudad` VALUES ('73055', 'ARMERO GUAYABAL');
INSERT INTO `ciudad` VALUES ('73067', 'ATACO');
INSERT INTO `ciudad` VALUES ('73124', 'CAJAMARCA');
INSERT INTO `ciudad` VALUES ('73148', 'CARMEN DE APICALÁ');
INSERT INTO `ciudad` VALUES ('73152', 'CASABIANCA');
INSERT INTO `ciudad` VALUES ('73168', 'CHAPARRAL');
INSERT INTO `ciudad` VALUES ('73200', 'COELLO');
INSERT INTO `ciudad` VALUES ('73217', 'COYAIMA');
INSERT INTO `ciudad` VALUES ('73226', 'CUNDAY');
INSERT INTO `ciudad` VALUES ('73236', 'DOLORES');
INSERT INTO `ciudad` VALUES ('73268', 'ESPINAL');
INSERT INTO `ciudad` VALUES ('73270', 'FALAN');
INSERT INTO `ciudad` VALUES ('73275', 'FLANDES');
INSERT INTO `ciudad` VALUES ('73283', 'FRESNO');
INSERT INTO `ciudad` VALUES ('73319', 'GUAMO');
INSERT INTO `ciudad` VALUES ('73347', 'HERVEO');
INSERT INTO `ciudad` VALUES ('73349', 'HONDA');
INSERT INTO `ciudad` VALUES ('73352', 'ICONONZO');
INSERT INTO `ciudad` VALUES ('73408', 'LÉRIDA');
INSERT INTO `ciudad` VALUES ('73411', 'LÍBANO');
INSERT INTO `ciudad` VALUES ('73443', 'SAN SEBASTIÁN DE MARIQUITA');
INSERT INTO `ciudad` VALUES ('73449', 'MELGAR');
INSERT INTO `ciudad` VALUES ('73461', 'MURILLO');
INSERT INTO `ciudad` VALUES ('73483', 'NATAGAIMA');
INSERT INTO `ciudad` VALUES ('73504', 'ORTEGA');
INSERT INTO `ciudad` VALUES ('73520', 'PALOCABILDO');
INSERT INTO `ciudad` VALUES ('73547', 'PIEDRAS');
INSERT INTO `ciudad` VALUES ('73555', 'PLANADAS');
INSERT INTO `ciudad` VALUES ('73563', 'PRADO');
INSERT INTO `ciudad` VALUES ('73585', 'PURIFICACIÓN');
INSERT INTO `ciudad` VALUES ('73616', 'RIOBLANCO');
INSERT INTO `ciudad` VALUES ('73622', 'RONCESVALLES');
INSERT INTO `ciudad` VALUES ('73624', 'ROVIRA');
INSERT INTO `ciudad` VALUES ('73671', 'SALDAÑA');
INSERT INTO `ciudad` VALUES ('73675', 'SAN ANTONIO');
INSERT INTO `ciudad` VALUES ('73678', 'SAN LUIS');
INSERT INTO `ciudad` VALUES ('73686', 'SANTA ISABEL');
INSERT INTO `ciudad` VALUES ('73770', 'SUÁREZ');
INSERT INTO `ciudad` VALUES ('73854', 'VALLE DE SAN JUAN');
INSERT INTO `ciudad` VALUES ('73861', 'VENADILLO');
INSERT INTO `ciudad` VALUES ('73870', 'VILLAHERMOSA');
INSERT INTO `ciudad` VALUES ('73873', 'VILLARRICA');
INSERT INTO `ciudad` VALUES ('76001', 'CALI');
INSERT INTO `ciudad` VALUES ('76020', 'ALCALÁ');
INSERT INTO `ciudad` VALUES ('76036', 'ANDALUCÍA');
INSERT INTO `ciudad` VALUES ('76041', 'ANSERMANUEVO');
INSERT INTO `ciudad` VALUES ('76054', 'ARGELIA');
INSERT INTO `ciudad` VALUES ('76100', 'BOLÍVAR');
INSERT INTO `ciudad` VALUES ('76109', 'BUENAVENTURA');
INSERT INTO `ciudad` VALUES ('76111', 'GUADALAJARA DE BUGA');
INSERT INTO `ciudad` VALUES ('76113', 'BUGALAGRANDE');
INSERT INTO `ciudad` VALUES ('76122', 'CAICEDONIA');
INSERT INTO `ciudad` VALUES ('76126', 'CALIMA');
INSERT INTO `ciudad` VALUES ('76130', 'CANDELARIA');
INSERT INTO `ciudad` VALUES ('76147', 'CARTAGO');
INSERT INTO `ciudad` VALUES ('76233', 'DAGUA');
INSERT INTO `ciudad` VALUES ('76243', 'EL ÁGUILA');
INSERT INTO `ciudad` VALUES ('76246', 'EL CAIRO');
INSERT INTO `ciudad` VALUES ('76248', 'EL CERRITO');
INSERT INTO `ciudad` VALUES ('76250', 'EL DOVIO');
INSERT INTO `ciudad` VALUES ('76275', 'FLORIDA');
INSERT INTO `ciudad` VALUES ('76306', 'GINEBRA');
INSERT INTO `ciudad` VALUES ('76318', 'GUACARÍ');
INSERT INTO `ciudad` VALUES ('76364', 'JAMUNDÍ');
INSERT INTO `ciudad` VALUES ('76377', 'LA CUMBRE');
INSERT INTO `ciudad` VALUES ('76400', 'LA UNIÓN');
INSERT INTO `ciudad` VALUES ('76403', 'LA VICTORIA');
INSERT INTO `ciudad` VALUES ('76497', 'OBANDO');
INSERT INTO `ciudad` VALUES ('76520', 'PALMIRA');
INSERT INTO `ciudad` VALUES ('76563', 'PRADERA');
INSERT INTO `ciudad` VALUES ('76606', 'RESTREPO');
INSERT INTO `ciudad` VALUES ('76616', 'RIOFRÍO');
INSERT INTO `ciudad` VALUES ('76622', 'ROLDANILLO');
INSERT INTO `ciudad` VALUES ('76670', 'SAN PEDRO');
INSERT INTO `ciudad` VALUES ('76736', 'SEVILLA');
INSERT INTO `ciudad` VALUES ('76823', 'TORO');
INSERT INTO `ciudad` VALUES ('76828', 'TRUJILLO');
INSERT INTO `ciudad` VALUES ('76834', 'TULUÁ');
INSERT INTO `ciudad` VALUES ('76845', 'ULLOA');
INSERT INTO `ciudad` VALUES ('76863', 'VERSALLES');
INSERT INTO `ciudad` VALUES ('76869', 'VIJES');
INSERT INTO `ciudad` VALUES ('76890', 'YOTOCO');
INSERT INTO `ciudad` VALUES ('76892', 'YUMBO');
INSERT INTO `ciudad` VALUES ('76895', 'ZARZAL');
INSERT INTO `ciudad` VALUES ('81001', 'ARAUCA');
INSERT INTO `ciudad` VALUES ('81065', 'ARAUQUITA');
INSERT INTO `ciudad` VALUES ('81220', 'CRAVO NORTE');
INSERT INTO `ciudad` VALUES ('81300', 'FORTUL');
INSERT INTO `ciudad` VALUES ('81591', 'PUERTO RONDÓN');
INSERT INTO `ciudad` VALUES ('81736', 'SARAVENA');
INSERT INTO `ciudad` VALUES ('81794', 'TAME');
INSERT INTO `ciudad` VALUES ('85001', 'YOPAL');
INSERT INTO `ciudad` VALUES ('85010', 'AGUAZUL');
INSERT INTO `ciudad` VALUES ('85015', 'CHÁMEZA');
INSERT INTO `ciudad` VALUES ('85125', 'HATO COROZAL');
INSERT INTO `ciudad` VALUES ('85136', 'LA SALINA');
INSERT INTO `ciudad` VALUES ('85139', 'MANÍ');
INSERT INTO `ciudad` VALUES ('85162', 'MONTERREY');
INSERT INTO `ciudad` VALUES ('85225', 'NUNCHÍA');
INSERT INTO `ciudad` VALUES ('85230', 'OROCUÉ');
INSERT INTO `ciudad` VALUES ('85250', 'PAZ DE ARIPORO');
INSERT INTO `ciudad` VALUES ('85263', 'PORE');
INSERT INTO `ciudad` VALUES ('85279', 'RECETOR');
INSERT INTO `ciudad` VALUES ('85300', 'SABANALARGA');
INSERT INTO `ciudad` VALUES ('85315', 'SÁCAMA');
INSERT INTO `ciudad` VALUES ('85325', 'SAN LUIS DE PALENQUE');
INSERT INTO `ciudad` VALUES ('85400', 'TÁMARA');
INSERT INTO `ciudad` VALUES ('85410', 'TAURAMENA');
INSERT INTO `ciudad` VALUES ('85430', 'TRINIDAD');
INSERT INTO `ciudad` VALUES ('85440', 'VILLANUEVA');
INSERT INTO `ciudad` VALUES ('86001', 'MOCOA');
INSERT INTO `ciudad` VALUES ('86219', 'COLÓN');
INSERT INTO `ciudad` VALUES ('86320', 'ORITO');
INSERT INTO `ciudad` VALUES ('86568', 'PUERTO ASÍS');
INSERT INTO `ciudad` VALUES ('86569', 'PUERTO CAICEDO');
INSERT INTO `ciudad` VALUES ('86571', 'PUERTO GUZMÁN');
INSERT INTO `ciudad` VALUES ('86573', 'PUERTO LEGUÍZAMO');
INSERT INTO `ciudad` VALUES ('86749', 'SIBUNDOY');
INSERT INTO `ciudad` VALUES ('86755', 'SAN FRANCISCO');
INSERT INTO `ciudad` VALUES ('86757', 'SAN MIGUEL');
INSERT INTO `ciudad` VALUES ('86760', 'SANTIAGO');
INSERT INTO `ciudad` VALUES ('86865', 'VALLE DEL GUAMUEZ');
INSERT INTO `ciudad` VALUES ('86885', 'VILLAGARZÓN');
INSERT INTO `ciudad` VALUES ('88001', 'SAN ANDRÉS');
INSERT INTO `ciudad` VALUES ('88564', 'PROVIDENCIA');
INSERT INTO `ciudad` VALUES ('91001', 'LETICIA');
INSERT INTO `ciudad` VALUES ('91263', 'EL ENCANTO');
INSERT INTO `ciudad` VALUES ('91405', 'LA CHORRERA');
INSERT INTO `ciudad` VALUES ('91407', 'LA PEDRERA');
INSERT INTO `ciudad` VALUES ('91430', 'LA VICTORIA');
INSERT INTO `ciudad` VALUES ('91460', 'MIRITÍ - PARANÁ');
INSERT INTO `ciudad` VALUES ('91530', 'PUERTO ALEGRÍA');
INSERT INTO `ciudad` VALUES ('91536', 'PUERTO ARICA');
INSERT INTO `ciudad` VALUES ('91540', 'PUERTO NARIÑO');
INSERT INTO `ciudad` VALUES ('91669', 'PUERTO SANTANDER');
INSERT INTO `ciudad` VALUES ('91798', 'TARAPACÁ');
INSERT INTO `ciudad` VALUES ('94001', 'INÍRIDA');
INSERT INTO `ciudad` VALUES ('94343', 'BARRANCO MINAS');
INSERT INTO `ciudad` VALUES ('94663', 'MAPIRIPANA');
INSERT INTO `ciudad` VALUES ('94883', 'SAN FELIPE');
INSERT INTO `ciudad` VALUES ('94884', 'PUERTO COLOMBIA');
INSERT INTO `ciudad` VALUES ('94885', 'LA GUADALUPE');
INSERT INTO `ciudad` VALUES ('94886', 'CACAHUAL');
INSERT INTO `ciudad` VALUES ('94887', 'PANA PANA');
INSERT INTO `ciudad` VALUES ('94888', 'MORICHAL');
INSERT INTO `ciudad` VALUES ('95001', 'SAN JOSÉ DEL GUAVIARE');
INSERT INTO `ciudad` VALUES ('95015', 'CALAMAR');
INSERT INTO `ciudad` VALUES ('95025', 'EL RETORNO');
INSERT INTO `ciudad` VALUES ('95200', 'MIRAFLORES');
INSERT INTO `ciudad` VALUES ('97001', 'MITÚ');
INSERT INTO `ciudad` VALUES ('97161', 'CARURÚ');
INSERT INTO `ciudad` VALUES ('97511', 'PACOA');
INSERT INTO `ciudad` VALUES ('97666', 'TARAIRA');
INSERT INTO `ciudad` VALUES ('97777', 'PAPUNAUA');
INSERT INTO `ciudad` VALUES ('97889', 'YAVARATÉ');
INSERT INTO `ciudad` VALUES ('99001', 'PUERTO CARREÑO');
INSERT INTO `ciudad` VALUES ('99524', 'LA PRIMAVERA');
INSERT INTO `ciudad` VALUES ('99624', 'SANTA ROSALÍA');
INSERT INTO `ciudad` VALUES ('99773', 'CUMARIBO');
INSERT INTO `ciudad` VALUES ('99774', 'EXTERIOR DEL PAIS');
INSERT INTO `ciudad` VALUES ('99775', 'Pasto2');
INSERT INTO `ciudad` VALUES ('99776', 'Barrancabermeja');
INSERT INTO `ciudad` VALUES ('99777', 'pruebamanuk');
INSERT INTO `ciudad` VALUES ('99778', 'prueeeee');
INSERT INTO `ciudad` VALUES ('99779', 'prueeeee');
INSERT INTO `ciudad` VALUES ('99780', 'Pasto');

-- ----------------------------
-- Table structure for codigos_alfanumericos
-- ----------------------------
DROP TABLE IF EXISTS `codigos_alfanumericos`;
CREATE TABLE `codigos_alfanumericos` (
  `id_codigos_alfanumericos` int(11) NOT NULL AUTO_INCREMENT,
  `fecha_creacion` date NOT NULL,
  `vigencia` int(11) NOT NULL,
  PRIMARY KEY (`id_codigos_alfanumericos`)
) ENGINE=InnoDB DEFAULT CHARSET=utf8;

-- ----------------------------
-- Records of codigos_alfanumericos
-- ----------------------------

-- ----------------------------
-- Table structure for frase
-- ----------------------------
DROP TABLE IF EXISTS `frase`;
CREATE TABLE `frase` (
  `id_frase` int(11) NOT NULL AUTO_INCREMENT,
  `descripcion` varchar(255) NOT NULL,
  PRIMARY KEY (`id_frase`)
) ENGINE=InnoDB AUTO_INCREMENT=150 DEFAULT CHARSET=utf8;

-- ----------------------------
-- Records of frase
-- ----------------------------
INSERT INTO `frase` VALUES ('1', 'Frase asociada a personaje 01');
INSERT INTO `frase` VALUES ('2', 'Frase asociada a personaje 02');
INSERT INTO `frase` VALUES ('3', 'Entrena más fuera de clases ¡Yeah ¡');
INSERT INTO `frase` VALUES ('4', 'Ahoooooooo');
INSERT INTO `frase` VALUES ('5', 'Tendrás tu revancha');
INSERT INTO `frase` VALUES ('6', 'Acabare contigo después');
INSERT INTO `frase` VALUES ('7', 'Demuestra lo que sabes!');
INSERT INTO `frase` VALUES ('8', 'Eso es todo…..');
INSERT INTO `frase` VALUES ('9', '¡Adelante!');
INSERT INTO `frase` VALUES ('10', 'Como siempre “Ganador”');
INSERT INTO `frase` VALUES ('11', 'Que fracaso….');
INSERT INTO `frase` VALUES ('12', 'Siempre imponente');
INSERT INTO `frase` VALUES ('13', 'No esperaba menos!');
INSERT INTO `frase` VALUES ('14', 'Infame!');
INSERT INTO `frase` VALUES ('15', 'Esto es inaceptable');
INSERT INTO `frase` VALUES ('16', 'Quedate ahí, No llegaras más lejos!');
INSERT INTO `frase` VALUES ('17', 'Perdedor');
INSERT INTO `frase` VALUES ('18', 'Ja Ja Ja Ingenuo(a)');
INSERT INTO `frase` VALUES ('19', 'El vivo, vive del bobo ¡Perdedor!');
INSERT INTO `frase` VALUES ('20', '¡Ganador!');
INSERT INTO `frase` VALUES ('21', 'Pura suerte mi amigo(a)!');
INSERT INTO `frase` VALUES ('22', 'Mala selección….');
INSERT INTO `frase` VALUES ('23', 'Te cazare en otra oportunidad!');
INSERT INTO `frase` VALUES ('24', '¿Crees ver mejor que yo?');
INSERT INTO `frase` VALUES ('25', 'Que pésimo oponente Ja JaJa');
INSERT INTO `frase` VALUES ('26', 'De eso presumes?');
INSERT INTO `frase` VALUES ('27', '¡Gran poder, Gran resultado!');
INSERT INTO `frase` VALUES ('28', 'Una victoria más para la bolsa');
INSERT INTO `frase` VALUES ('29', 'Top 1 - Winner');
INSERT INTO `frase` VALUES ('30', 'Gran golpe…');
INSERT INTO `frase` VALUES ('31', '¡Ceeeeee!');
INSERT INTO `frase` VALUES ('32', 'Como te atreves!');
INSERT INTO `frase` VALUES ('33', 'Sentirás el instinto de lucha verdadero.');
INSERT INTO `frase` VALUES ('34', 'Porque tan nervioso?');
INSERT INTO `frase` VALUES ('35', 'Ja Ja Ja');
INSERT INTO `frase` VALUES ('36', 'Por suerte, SOY EL MEJOR');
INSERT INTO `frase` VALUES ('37', '¡Un salto a la victoria!');
INSERT INTO `frase` VALUES ('38', 'Dedicado a mis seguidores!');
INSERT INTO `frase` VALUES ('39', '¿Que hice mal?');
INSERT INTO `frase` VALUES ('40', 'Nos volveremos a encontrar!');
INSERT INTO `frase` VALUES ('41', 'Porque pierdo así?');
INSERT INTO `frase` VALUES ('42', '¿Crees que eres rival para mí?');
INSERT INTO `frase` VALUES ('43', 'Imponente y fracasado.');
INSERT INTO `frase` VALUES ('44', '¡Raro sería si no ganara!, Ganeeeeee Ja Ja Ja)');
INSERT INTO `frase` VALUES ('45', 'No fue suficiente para lograrlo!');
INSERT INTO `frase` VALUES ('46', 'No se volverá a repetir!');
INSERT INTO `frase` VALUES ('47', '¿Es lo único que haces?');
INSERT INTO `frase` VALUES ('48', 'Es toda tu habilidad?');
INSERT INTO `frase` VALUES ('49', '¡Ven, Ven!');
INSERT INTO `frase` VALUES ('50', 'No eres un guerrero, eres un principiante!');
INSERT INTO `frase` VALUES ('51', '¡Desista!, no te puedes comparar a mí');
INSERT INTO `frase` VALUES ('52', 'Vete a casa! Perdedor…');
INSERT INTO `frase` VALUES ('53', 'Comooooo?....');
INSERT INTO `frase` VALUES ('54', 'Jua Jua Jua');
INSERT INTO `frase` VALUES ('55', '¡Que poder tan insignificante!');
INSERT INTO `frase` VALUES ('56', 'Adelante o vete a casa!');
INSERT INTO `frase` VALUES ('57', 'Aplastare tus valores!');
INSERT INTO `frase` VALUES ('58', 'Era evidente tu fracaso');
INSERT INTO `frase` VALUES ('59', 'Te creías capaz de vencerme! Ja Ja Ja');
INSERT INTO `frase` VALUES ('60', 'La fuerza todo lo supera ¡Perdedor(a)!');
INSERT INTO `frase` VALUES ('61', 'Nos volveremos a ver!');
INSERT INTO `frase` VALUES ('62', 'Imposible, como pude ser derrotado!');
INSERT INTO `frase` VALUES ('63', 'Atrévete a golpearme si puedes!, Estoy en magníficas condiciones…');
INSERT INTO `frase` VALUES ('64', '¡Sin el más mínimo esfuerzo!');
INSERT INTO `frase` VALUES ('65', 'La astucia borra la sabiduría! Perdedor…');
INSERT INTO `frase` VALUES ('66', 'Jijau… Jijau');
INSERT INTO `frase` VALUES ('67', 'Esto es terrible…');
INSERT INTO `frase` VALUES ('68', 'No puedo continuar!');
INSERT INTO `frase` VALUES ('69', 'Mi victoria se pospondrá por poco tiempo… Prepárate!');
INSERT INTO `frase` VALUES ('70', '¿Podrás tocarme? No lo creo');
INSERT INTO `frase` VALUES ('71', '¡Perderás ante el mejor!');
INSERT INTO `frase` VALUES ('72', 'Tu esfuerzo es inútil ante mí');
INSERT INTO `frase` VALUES ('73', '¡Y pensar que fue así de fácil!');
INSERT INTO `frase` VALUES ('74', 'Siiiii ¡Imponente como siempre!');
INSERT INTO `frase` VALUES ('75', 'Perder es ganar un poco. Ja Ja Ja');
INSERT INTO `frase` VALUES ('76', '¡Te estaré vigilando desde la oscuridad!');
INSERT INTO `frase` VALUES ('77', 'No tendré piedad en una nueva ocasión…');
INSERT INTO `frase` VALUES ('78', '¿Ese es tu máximo poder? Ja Ja Ja');
INSERT INTO `frase` VALUES ('79', 'Me das risa “Iluso”');
INSERT INTO `frase` VALUES ('80', 'Pensar que eras un buen oponente…. ¡Absurdo!');
INSERT INTO `frase` VALUES ('81', '¡Yeah!, Ganador…');
INSERT INTO `frase` VALUES ('82', '¡Esta victoria me complace!');
INSERT INTO `frase` VALUES ('83', '¡¡Gana siempre el estudioso!!');
INSERT INTO `frase` VALUES ('84', '¡Que pensaran mis amigos! Ohhh Noooo');
INSERT INTO `frase` VALUES ('85', 'Gran oponente');
INSERT INTO `frase` VALUES ('86', 'Te venceré en otra oportunidad');
INSERT INTO `frase` VALUES ('87', 'Intentare estar un paso adelante.');
INSERT INTO `frase` VALUES ('88', 'Demuéstrame tus habilidades');
INSERT INTO `frase` VALUES ('89', '¡Somos el dúo maravilla!');
INSERT INTO `frase` VALUES ('90', 'Victoria –“Súper Fashion”');
INSERT INTO `frase` VALUES ('91', 'El resultado lo sabíamos desde el principio.');
INSERT INTO `frase` VALUES ('92', '¿Como pudimos perder?');
INSERT INTO `frase` VALUES ('93', '¡Qué falta de Glamour!');
INSERT INTO `frase` VALUES ('94', '¡Mejoraremos! Y morderás el suelo');
INSERT INTO `frase` VALUES ('95', 'No ganaras ¡NUNCA!');
INSERT INTO `frase` VALUES ('96', 'No sabes quienes somos nosotras?');
INSERT INTO `frase` VALUES ('97', '¡Los valores hacen de una persona imparable!');
INSERT INTO `frase` VALUES ('98', 'Reacciona y corrige lo malo, para ser un buen oponente.');
INSERT INTO `frase` VALUES ('99', '¡El bien tarde o temprano ganara!');
INSERT INTO `frase` VALUES ('100', '¡Perder es ganar un poco!');
INSERT INTO `frase` VALUES ('101', 'Cuídate porque en la próxima ¡no perderé!');
INSERT INTO `frase` VALUES ('102', '¿Qué esperas?, acércate');
INSERT INTO `frase` VALUES ('103', 'Crees que podrás ganarme?');
INSERT INTO `frase` VALUES ('104', 'El resultado será el mismo! Te irás a casa');
INSERT INTO `frase` VALUES ('105', '¡Gran combate!');
INSERT INTO `frase` VALUES ('106', 'Ganaras cuando actúes correctamente');
INSERT INTO `frase` VALUES ('107', 'Construiré nuevos valores en mí, para derrotarte como se debe');
INSERT INTO `frase` VALUES ('108', 'Soy inferior a ti por ser derrotada?, Que iluso(a)');
INSERT INTO `frase` VALUES ('109', 'Te mostrare mi gran fuerza');
INSERT INTO `frase` VALUES ('110', 'Se ve que te falta mucho para cambiar tu estilo de vivir');
INSERT INTO `frase` VALUES ('111', '¡Qué gran combate, pero así es el destino!');
INSERT INTO `frase` VALUES ('112', '¡Ganador! Kikiriki');
INSERT INTO `frase` VALUES ('113', 'Era de esperar el resultado de nuestro encuentro');
INSERT INTO `frase` VALUES ('114', 'Acepto mi derrota, pero será la última');
INSERT INTO `frase` VALUES ('115', 'Con más dedicación lograre mis objetivos y nos volveremos a ver');
INSERT INTO `frase` VALUES ('116', 'Dame tiempo y prepárate para lo que viene');
INSERT INTO `frase` VALUES ('117', 'Qué pasa con tus ánimos, golpea…');
INSERT INTO `frase` VALUES ('118', 'Crees ganarme?, así de equivocado estas');
INSERT INTO `frase` VALUES ('119', '¡Me preparare más, no esperaba algo diferente!');
INSERT INTO `frase` VALUES ('120', 'Te falta mucho para poder derrotarme');
INSERT INTO `frase` VALUES ('121', 'Cuando quieras te puedo dar algunos consejos');
INSERT INTO `frase` VALUES ('122', 'Esto no es una derrota, me esforzare más la próxima vez');
INSERT INTO `frase` VALUES ('123', 'Me desconcentre, pero no volverá a suceder');
INSERT INTO `frase` VALUES ('124', 'No debí confiarme, pero no pasara de nuevo');
INSERT INTO `frase` VALUES ('125', 'Si quieres mi ayuda es mejor que la sepas pedir');
INSERT INTO `frase` VALUES ('126', '¡No me hagas perder el tiempo!');
INSERT INTO `frase` VALUES ('127', 'No quería hacerte daño, pero necesitabas ayuda');
INSERT INTO `frase` VALUES ('128', 'Los que actuamos correctamente nunca perderemos');
INSERT INTO `frase` VALUES ('129', 'Si necesitas ayuda házmelo saber');
INSERT INTO `frase` VALUES ('130', 'Esto no es una derrota, me esforzaré más la próxima vez');
INSERT INTO `frase` VALUES ('131', 'Esta derrota me enseña más, no volveré a perder');
INSERT INTO `frase` VALUES ('132', 'Me falto preparación, hagámoslo otra vez');
INSERT INTO `frase` VALUES ('133', 'Si te la pasas en el bar, no debo preocuparme');
INSERT INTO `frase` VALUES ('134', 'Sé cómo estudias, y no me vas a ganar');
INSERT INTO `frase` VALUES ('135', 'Como no te preparaste, no tenías ninguna posibilidad');
INSERT INTO `frase` VALUES ('136', 'Ja Ja esto se veía venir');
INSERT INTO `frase` VALUES ('137', 'Me prepare mucho, no es raro que ganara tan fácil');
INSERT INTO `frase` VALUES ('138', 'Aprenderé, volveré y te derrotare');
INSERT INTO `frase` VALUES ('139', 'Me distraje y acepto mi derrota');
INSERT INTO `frase` VALUES ('140', 'No debí dejar de estudiar');
INSERT INTO `frase` VALUES ('141', 'Sé que no estudiaste, esto va a ser fácil');
INSERT INTO `frase` VALUES ('142', 'No eres rival para mí');
INSERT INTO `frase` VALUES ('143', 'Mejor sigue perdiendo el tiempo');
INSERT INTO `frase` VALUES ('144', '¡Ohhh! Las metas llegarán después de un gran sacrificio');
INSERT INTO `frase` VALUES ('145', 'Mmm ¡La próxima vez será la vencida!');
INSERT INTO `frase` VALUES ('146', '¡Solo el bien! prevalecerá siempre sobre el mal Jo Jo');
INSERT INTO `frase` VALUES ('147', '¡Dos piensan mejor que uno!');
INSERT INTO `frase` VALUES ('148', '¡Mmm, no siempre se gana, pero siempre se aprende!');
INSERT INTO `frase` VALUES ('149', '¡Los últimos no siempre serán los últimos!');

-- ----------------------------
-- Table structure for imagen
-- ----------------------------
DROP TABLE IF EXISTS `imagen`;
CREATE TABLE `imagen` (
  `id_imagen` int(11) NOT NULL AUTO_INCREMENT,
  `foto` varchar(255) NOT NULL,
  PRIMARY KEY (`id_imagen`)
) ENGINE=InnoDB AUTO_INCREMENT=12 DEFAULT CHARSET=utf8;

-- ----------------------------
-- Records of imagen
-- ----------------------------
INSERT INTO `imagen` VALUES ('1', '/personaje1/foto1');
INSERT INTO `imagen` VALUES ('2', '/personaje2/foto1');
INSERT INTO `imagen` VALUES ('3', '/personaje2/foto2');
INSERT INTO `imagen` VALUES ('4', '/personaje1/foto2');
INSERT INTO `imagen` VALUES ('5', '/mundos/mundo1');
INSERT INTO `imagen` VALUES ('6', '/mundos/mundo2');
INSERT INTO `imagen` VALUES ('7', '/poderes/poder1');
INSERT INTO `imagen` VALUES ('8', '/poderes/poder2');
INSERT INTO `imagen` VALUES ('9', '/mundos/newMundo2.png');
INSERT INTO `imagen` VALUES ('10', '/mundos/newMundo2.png');
INSERT INTO `imagen` VALUES ('11', '/mundos/mundo2.png');

-- ----------------------------
-- Table structure for jugador
-- ----------------------------
DROP TABLE IF EXISTS `jugador`;
CREATE TABLE `jugador` (
  `id_jugador` int(11) NOT NULL AUTO_INCREMENT,
  `id_nivel` int(11) NOT NULL,
  `nickname` varchar(50) NOT NULL,
  `moneda_jugador` int(11) NOT NULL,
  `experiencia_jugador` int(11) NOT NULL,
  `nivel_jugador` int(11) NOT NULL,
  PRIMARY KEY (`id_jugador`,`id_nivel`),
  KEY `fk_jugador_nivel1_idx` (`id_nivel`),
  KEY `id_jugador` (`id_jugador`),
  CONSTRAINT `fk_jugador_nivel1` FOREIGN KEY (`id_nivel`) REFERENCES `nivel` (`id_nivel`) ON DELETE NO ACTION ON UPDATE NO ACTION,
  CONSTRAINT `fk_jugador_usuario1` FOREIGN KEY (`id_jugador`) REFERENCES `usuario` (`id_usuario`) ON DELETE NO ACTION ON UPDATE NO ACTION
) ENGINE=InnoDB AUTO_INCREMENT=2 DEFAULT CHARSET=utf8;

-- ----------------------------
-- Records of jugador
-- ----------------------------
INSERT INTO `jugador` VALUES ('1', '1', 'nick01', '100', '10', '1');

-- ----------------------------
-- Table structure for jugador_tiene_personaje
-- ----------------------------
DROP TABLE IF EXISTS `jugador_tiene_personaje`;
CREATE TABLE `jugador_tiene_personaje` (
  `id_jugador` int(11) NOT NULL,
  `id_personaje` int(11) NOT NULL,
  PRIMARY KEY (`id_jugador`,`id_personaje`),
  KEY `fk_Jugador_has_Personaje_Personaje1_idx` (`id_personaje`),
  KEY `fk_Jugador_has_Personaje_Jugador_idx` (`id_jugador`),
  CONSTRAINT `fk_Jugador_has_Personaje_Jugador` FOREIGN KEY (`id_jugador`) REFERENCES `jugador` (`id_jugador`) ON DELETE NO ACTION ON UPDATE NO ACTION,
  CONSTRAINT `fk_Jugador_has_Personaje_Personaje1` FOREIGN KEY (`id_personaje`) REFERENCES `personaje` (`id_personaje`) ON DELETE NO ACTION ON UPDATE NO ACTION
) ENGINE=InnoDB DEFAULT CHARSET=utf8;

-- ----------------------------
-- Records of jugador_tiene_personaje
-- ----------------------------
INSERT INTO `jugador_tiene_personaje` VALUES ('1', '14');
INSERT INTO `jugador_tiene_personaje` VALUES ('1', '20');

-- ----------------------------
-- Table structure for jugador_tiene_respuesta
-- ----------------------------
DROP TABLE IF EXISTS `jugador_tiene_respuesta`;
CREATE TABLE `jugador_tiene_respuesta` (
  `id_jugador_tiene_respuesta` int(11) NOT NULL,
  `id_jugador` int(11) NOT NULL,
  `id_respuesta_psicotecnica` int(11) NOT NULL
) ENGINE=InnoDB DEFAULT CHARSET=utf8;

-- ----------------------------
-- Records of jugador_tiene_respuesta
-- ----------------------------

-- ----------------------------
-- Table structure for log
-- ----------------------------
DROP TABLE IF EXISTS `log`;
CREATE TABLE `log` (
  `id_log` int(11) NOT NULL AUTO_INCREMENT,
  `id_jugador` int(11) NOT NULL,
  `tiempo_log` time NOT NULL,
  `fecha_inicio` datetime NOT NULL,
  `fecha_final` datetime NOT NULL,
  PRIMARY KEY (`id_log`,`id_jugador`),
  KEY `fk_log_jugador1_idx` (`id_jugador`),
  CONSTRAINT `fk_log_jugador1` FOREIGN KEY (`id_jugador`) REFERENCES `jugador` (`id_jugador`) ON DELETE NO ACTION ON UPDATE NO ACTION
) ENGINE=InnoDB AUTO_INCREMENT=3 DEFAULT CHARSET=utf8;

-- ----------------------------
-- Records of log
-- ----------------------------
INSERT INTO `log` VALUES ('1', '1', '16:14:23', '2017-03-02 16:14:25', '2017-03-04 16:14:31');
INSERT INTO `log` VALUES ('2', '1', '16:14:42', '2017-03-03 16:14:45', '2017-03-04 16:14:51');

-- ----------------------------
-- Table structure for logros
-- ----------------------------
DROP TABLE IF EXISTS `logros`;
CREATE TABLE `logros` (
  `id_logro` int(11) NOT NULL,
  `nombre` varchar(50) NOT NULL,
  `descripcion` varchar(200) NOT NULL,
  `esModenas` tinyint(1) NOT NULL,
  `esRanking` tinyint(1) NOT NULL,
  `esTiempo` tinyint(1) NOT NULL,
  `monedas` int(11) NOT NULL,
  `ranking` int(11) NOT NULL,
  `tiempoJugado` int(11) NOT NULL
) ENGINE=InnoDB DEFAULT CHARSET=latin1;

-- ----------------------------
-- Records of logros
-- ----------------------------

-- ----------------------------
-- Table structure for mundo
-- ----------------------------
DROP TABLE IF EXISTS `mundo`;
CREATE TABLE `mundo` (
  `id_mundo` int(11) NOT NULL AUTO_INCREMENT,
  `nombre_mundo` varchar(20) NOT NULL,
  PRIMARY KEY (`id_mundo`)
) ENGINE=InnoDB AUTO_INCREMENT=13 DEFAULT CHARSET=utf8;

-- ----------------------------
-- Records of mundo
-- ----------------------------
INSERT INTO `mundo` VALUES ('1', 'Mundo 1');
INSERT INTO `mundo` VALUES ('2', 'Mundo 2');
INSERT INTO `mundo` VALUES ('3', 'Mundo 3');
INSERT INTO `mundo` VALUES ('4', 'Mundo 4');
INSERT INTO `mundo` VALUES ('5', 'Mundo 5');
INSERT INTO `mundo` VALUES ('6', 'Mundo 6');
INSERT INTO `mundo` VALUES ('7', 'Mundo 7');
INSERT INTO `mundo` VALUES ('8', 'Mundo 8');
INSERT INTO `mundo` VALUES ('9', 'Mundo 9');
INSERT INTO `mundo` VALUES ('10', 'Mundo 10');
INSERT INTO `mundo` VALUES ('11', 'Mundo 11');
INSERT INTO `mundo` VALUES ('12', 'Mundo 12');

-- ----------------------------
-- Table structure for mundo_tiene_imagen
-- ----------------------------
DROP TABLE IF EXISTS `mundo_tiene_imagen`;
CREATE TABLE `mundo_tiene_imagen` (
  `id_mundo` int(11) NOT NULL,
  `id_imagen` int(11) NOT NULL,
  PRIMARY KEY (`id_mundo`,`id_imagen`),
  KEY `fk_mundo_tiene_imagen_imagen1_idx` (`id_imagen`),
  CONSTRAINT `fk_mundo_tiene_imagen_imagen1` FOREIGN KEY (`id_imagen`) REFERENCES `imagen` (`id_imagen`) ON DELETE NO ACTION ON UPDATE NO ACTION,
  CONSTRAINT `fk_mundo_tiene_imagen_mundo1` FOREIGN KEY (`id_mundo`) REFERENCES `mundo` (`id_mundo`) ON DELETE NO ACTION ON UPDATE NO ACTION
) ENGINE=InnoDB DEFAULT CHARSET=utf8;

-- ----------------------------
-- Records of mundo_tiene_imagen
-- ----------------------------
INSERT INTO `mundo_tiene_imagen` VALUES ('1', '5');
INSERT INTO `mundo_tiene_imagen` VALUES ('2', '6');

-- ----------------------------
-- Table structure for nivel
-- ----------------------------
DROP TABLE IF EXISTS `nivel`;
CREATE TABLE `nivel` (
  `id_nivel` int(11) NOT NULL AUTO_INCREMENT,
  `id_mundo` int(11) NOT NULL,
  `nombre_nivel` varchar(20) NOT NULL,
  PRIMARY KEY (`id_nivel`,`id_mundo`),
  KEY `fk_nivel_mundo1_idx` (`id_mundo`),
  CONSTRAINT `Fk_nivel_mundo1` FOREIGN KEY (`id_mundo`) REFERENCES `mundo` (`id_mundo`) ON DELETE NO ACTION ON UPDATE NO ACTION
) ENGINE=InnoDB AUTO_INCREMENT=62 DEFAULT CHARSET=utf8;

-- ----------------------------
-- Records of nivel
-- ----------------------------
INSERT INTO `nivel` VALUES ('1', '1', 'Nivel 1');
INSERT INTO `nivel` VALUES ('2', '1', 'nivel 2');
INSERT INTO `nivel` VALUES ('3', '1', 'nivel 3');
INSERT INTO `nivel` VALUES ('4', '1', 'nivel 4');
INSERT INTO `nivel` VALUES ('5', '1', 'Nivel 5 ');
INSERT INTO `nivel` VALUES ('6', '2', 'Nivel 6');
INSERT INTO `nivel` VALUES ('7', '2', 'Nivel 7');
INSERT INTO `nivel` VALUES ('8', '2', 'Nivel 8');
INSERT INTO `nivel` VALUES ('9', '2', 'Nivel 9');
INSERT INTO `nivel` VALUES ('10', '2', 'Nivel 10');
INSERT INTO `nivel` VALUES ('11', '3', 'Nivel 11');
INSERT INTO `nivel` VALUES ('12', '3', 'Nivel 12');
INSERT INTO `nivel` VALUES ('13', '3', 'Nivel 13');
INSERT INTO `nivel` VALUES ('14', '3', 'Nivel 14');
INSERT INTO `nivel` VALUES ('15', '3', 'Nivel 15');
INSERT INTO `nivel` VALUES ('16', '4', 'Nivel 16');
INSERT INTO `nivel` VALUES ('17', '4', 'Nivel 17');
INSERT INTO `nivel` VALUES ('18', '4', 'Nivel 18');
INSERT INTO `nivel` VALUES ('19', '4', 'Nivel 19');
INSERT INTO `nivel` VALUES ('20', '4', 'Nivel 20');
INSERT INTO `nivel` VALUES ('21', '5', 'Nivel 21');
INSERT INTO `nivel` VALUES ('22', '5', 'Nivel 22');
INSERT INTO `nivel` VALUES ('23', '5', 'Nivel 23');
INSERT INTO `nivel` VALUES ('24', '5', 'Nivel 24');
INSERT INTO `nivel` VALUES ('25', '5', 'Nivel 25');
INSERT INTO `nivel` VALUES ('26', '6', 'Nivel 26');
INSERT INTO `nivel` VALUES ('27', '6', 'Nivel 27');
INSERT INTO `nivel` VALUES ('28', '6', 'Nivel 28');
INSERT INTO `nivel` VALUES ('29', '6', 'Nivel 29');
INSERT INTO `nivel` VALUES ('30', '6', 'Nivel 30');
INSERT INTO `nivel` VALUES ('31', '7', 'Nivel 31');
INSERT INTO `nivel` VALUES ('32', '7', 'Nivel 32');
INSERT INTO `nivel` VALUES ('33', '7', 'Nivel 33');
INSERT INTO `nivel` VALUES ('34', '7', 'Nivel 34');
INSERT INTO `nivel` VALUES ('35', '7', 'Nivel 35');
INSERT INTO `nivel` VALUES ('36', '8', 'Nivel 36');
INSERT INTO `nivel` VALUES ('37', '8', 'Nivel 37');
INSERT INTO `nivel` VALUES ('38', '8', 'Nivel 38');
INSERT INTO `nivel` VALUES ('39', '8', 'Nivel 39');
INSERT INTO `nivel` VALUES ('40', '8', 'Nivel 40');
INSERT INTO `nivel` VALUES ('41', '9', 'Nivel 41');
INSERT INTO `nivel` VALUES ('42', '9', 'Nivel 42');
INSERT INTO `nivel` VALUES ('43', '9', 'Nivel 43');
INSERT INTO `nivel` VALUES ('44', '9', 'Nivel 44');
INSERT INTO `nivel` VALUES ('45', '9', 'Nivel 45');
INSERT INTO `nivel` VALUES ('46', '10', 'Nivel 46');
INSERT INTO `nivel` VALUES ('47', '10', 'Nivel 47');
INSERT INTO `nivel` VALUES ('48', '10', 'Nivel 48');
INSERT INTO `nivel` VALUES ('49', '10', 'Nivel 49');
INSERT INTO `nivel` VALUES ('50', '10', 'Nivel 50');
INSERT INTO `nivel` VALUES ('51', '11', 'Nivel 51');
INSERT INTO `nivel` VALUES ('52', '11', 'Nivel 52');
INSERT INTO `nivel` VALUES ('53', '11', 'Nivel 53');
INSERT INTO `nivel` VALUES ('54', '11', 'Nivel 54');
INSERT INTO `nivel` VALUES ('55', '11', 'Nivel 55');
INSERT INTO `nivel` VALUES ('56', '12', 'Nivel 56');
INSERT INTO `nivel` VALUES ('57', '12', 'Nivel 57');
INSERT INTO `nivel` VALUES ('58', '12', 'Nivel 58');
INSERT INTO `nivel` VALUES ('59', '12', 'Nivel 59');
INSERT INTO `nivel` VALUES ('60', '12', 'Nivel 60');
INSERT INTO `nivel` VALUES ('61', '12', 'Nivel 61');

-- ----------------------------
-- Table structure for nivel_tiene_personaje
-- ----------------------------
DROP TABLE IF EXISTS `nivel_tiene_personaje`;
CREATE TABLE `nivel_tiene_personaje` (
  `id_nivel_tiene_personake` int(11) NOT NULL AUTO_INCREMENT,
  `id_personaje` int(11) NOT NULL,
  `id_nivel` int(11) NOT NULL,
  PRIMARY KEY (`id_nivel_tiene_personake`)
) ENGINE=InnoDB DEFAULT CHARSET=utf8;

-- ----------------------------
-- Records of nivel_tiene_personaje
-- ----------------------------

-- ----------------------------
-- Table structure for pais
-- ----------------------------
DROP TABLE IF EXISTS `pais`;
CREATE TABLE `pais` (
  `id_pais` int(11) NOT NULL AUTO_INCREMENT,
  `nombre_pais` varchar(255) DEFAULT NULL,
  PRIMARY KEY (`id_pais`)
) ENGINE=InnoDB AUTO_INCREMENT=4 DEFAULT CHARSET=utf8;

-- ----------------------------
-- Records of pais
-- ----------------------------
INSERT INTO `pais` VALUES ('1', 'Colombia');
INSERT INTO `pais` VALUES ('2', 'Brasil');
INSERT INTO `pais` VALUES ('3', 'Brasil');

-- ----------------------------
-- Table structure for personaje
-- ----------------------------
DROP TABLE IF EXISTS `personaje`;
CREATE TABLE `personaje` (
  `id_personaje` int(11) NOT NULL AUTO_INCREMENT,
  `id_categoria` int(11) NOT NULL,
  `id_imagen` int(11) NOT NULL,
  `nombre_personaje` varchar(20) NOT NULL,
  `descripcion_personaje` varchar(255) NOT NULL,
  `costo` int(11) NOT NULL,
  `nivel_dano` int(11) NOT NULL,
  PRIMARY KEY (`id_personaje`,`id_categoria`,`id_imagen`),
  KEY `fk_personaje_rol_tipo1_idx` (`id_categoria`),
  KEY `fk_personaje_imagen1_idx` (`id_imagen`),
  CONSTRAINT `fk_personaje_imagen1` FOREIGN KEY (`id_imagen`) REFERENCES `imagen` (`id_imagen`) ON DELETE NO ACTION ON UPDATE NO ACTION,
  CONSTRAINT `fk_personaje_rol_tipo1` FOREIGN KEY (`id_categoria`) REFERENCES `categoria` (`id_categoria`) ON DELETE NO ACTION ON UPDATE NO ACTION
) ENGINE=InnoDB AUTO_INCREMENT=32 DEFAULT CHARSET=utf8;

-- ----------------------------
-- Records of personaje
-- ----------------------------
INSERT INTO `personaje` VALUES ('1', '1', '1', 'juan rata', 'personaje 01 cargue ejemplo', '500', '50');
INSERT INTO `personaje` VALUES ('1', '3', '1', 'Camilo Perezoso', 'Casual, al mantener una de sus manos en el bolsillo,sus ojos bien abiertos, pero con mente distraída y síntomas de cansancio por falta de sueño, debido a sus frecuentes salidas nocturnas.', '500', '50');
INSERT INTO `personaje` VALUES ('2', '2', '2', 'pepe grillo', 'personaje 02 cargue ejemplo', '1000', '100');
INSERT INTO `personaje` VALUES ('2', '3', '2', 'Felipe Oso', 'Es una persona que viste muy formal, pero no debes confiar en su apariencia. Es conocido por no sonreír, por su indisposición ante las situaciones y especialista en copiar movimientos, poderes y gestos.', '1000', '100');
INSERT INTO `personaje` VALUES ('3', '4', '1', 'Carlos Buitre', 'Es una persona perspicaz, aparenta una vida correcta y realizada, pero en el fondo existe una persona engañosa y estafadora. Su habilidad principal es falsificar documentos para escabullirse de cualquier evento que pueda afectar su imagen y sobre todo sus', '1500', '150');
INSERT INTO `personaje` VALUES ('4', '3', '2', 'Luis Víbora', 'Es una persona reservada, tranquila y veloz. Su agilidad le ha permitido incluirse en el top 10 de las personas más recurrentes en fraudes de Copyright informático.', '2000', '200');
INSERT INTO `personaje` VALUES ('5', '3', '1', 'Andrés Zorro', 'Es una persona joven, compañerita y de muy buen ambiente. Sin embargo, se ha visto preocupado e inestable emocionalmente por la serie de evidencias que lo involucran en colarse en sistemas de transporte universitario', '2500', '250');
INSERT INTO `personaje` VALUES ('6', '3', '2', 'Nicolás Lagarto', 'Es una persona alegre, perezoso, y deportista. Bastante competitivo y cuenta con unas orejas pequeñas que permiten escuchar a más distancia de lo habitual.', '3000', '300');
INSERT INTO `personaje` VALUES ('7', '1', '1', 'Pedro Conejo', 'Descripción del nuevo personaje', '100', '3');
INSERT INTO `personaje` VALUES ('7', '3', '1', 'Víctor Hiena', 'Es una persona tranquila, fría, viste muy bien, sin preocupaciones, pero NO es totalmente feliz ya que habla mal de las demás personas.', '3500', '350');
INSERT INTO `personaje` VALUES ('8', '1', '1', 'Pedro Pez', 'Descripción del nuevo personaje', '100', '3');
INSERT INTO `personaje` VALUES ('8', '3', '2', 'Fabián Babuino', 'Es una persona temperamental, de malgenio, sociable únicamente con su grupo de amigos, conflictiva para ganar territorio y reconocimiento', '4000', '400');
INSERT INTO `personaje` VALUES ('9', '1', '1', 'Lola vaca', 'Descripción de la vaca', '230', '20');
INSERT INTO `personaje` VALUES ('9', '3', '1', 'Julián Burro', 'Una persona de estrato medio, que intenta obtener logros para su beneficio a costa de los demás. Es conocido por contratar terceros para hacer sus trabajos y parciales estudiantiles, avances laborales y proyectos', '4500', '450');
INSERT INTO `personaje` VALUES ('10', '3', '2', 'Juan Rata', 'Es una persona que vive en un mundo fraudulento. Se provee de artículos importantes realizar distribuciones a cambio de dinero.', '5000', '500');
INSERT INTO `personaje` VALUES ('11', '3', '1', 'Juan Camaleón', 'Es una persona inteligente, cumplida al momento de entregar los temas pendientes a su cargo, buen compañero, poco sociable, pero en busca de ser aceptado por las personas.', '5500', '550');
INSERT INTO `personaje` VALUES ('12', '4', '2', 'Ana y Sara abeja', 'Son realmente hermosas, les encanta salir a reunirse con sus amigos a compartir, participan poco a clase y sus prioridades siempre son las fiestas y sus amigos que el estudio', '6000', '600');
INSERT INTO `personaje` VALUES ('13', '2', '1', 'Iván Ruiseñor', 'Es una persona amigable, bastante elegante a la hora de vestir, valores definidos, respetuoso y competitivo.\n', '6500', '650');
INSERT INTO `personaje` VALUES ('14', '1', '2', 'Tati Hormiga', 'Es una persona carismática, dispuesta a ayudar, le agrada socializarse con las personas y para ello construye o se integra a grupos de trabajo. Se desempeña como comunicadora social y lidera varios proyectos académicos y laborales', '7000', '700');
INSERT INTO `personaje` VALUES ('15', '1', '1', 'Andrés Gallo', 'Es una persona muy puntual, le encanta socializar con las personas. El reconoce el trabajo duro de las personas y a su vez hace parte importante en el apoyo de sus compañeros con asesorías de extra clase.', '7500', '750');
INSERT INTO `personaje` VALUES ('16', '2', '2', 'Fabián Canario', 'Es un pequeñín sin igual, sus buenos modales no son cuestión del azar. Una excelente educación en la universidad y en el hogar, crearon reglas básicas que lo hacen resaltar: Un saludo, un por favor y dar las gracias nunca están de más.', '8000', '800');
INSERT INTO `personaje` VALUES ('17', '1', '1', 'Cata Cierva', 'Siempre una cara tierna y una sonrisa despierta, para Cata la amabilidad es su mejor receta, por eso saludar y dar las gracias, son pasos básicos, que, para ella, ayudan a tratar bien a la gente.', '8500', '850');
INSERT INTO `personaje` VALUES ('18', '1', '2', 'Ana Pantera', 'Ana tiene buenos amigos y un gran grupo social, los sigue a todos lados y los apoya sin dudar. Pero si algo no le parece o ve que la puede afectar, no se toma ni un segundo para pensar, sus buenos principios los defiende y no los va a negociar.', '9000', '900');
INSERT INTO `personaje` VALUES ('19', '1', '1', 'Lola Abeja', 'Caracterizada por ser un personaje talentoso e inteligente. Su estatura está representada en su capacidad de movimiento y agilidad física.', '9500', '950');
INSERT INTO `personaje` VALUES ('20', '1', '2', 'Daniel León', 'Personajes con grandes cualidades de responsabilidad y compromiso académico. Evitan de manera incondicional cualquier tipo de trabajos de información imprecisa y ausente de fuentes de propiedad intelectual.', '10000', '1000');
INSERT INTO `personaje` VALUES ('21', '1', '1', 'Pedro Ratón', 'Pedro se destaca por su apariencia pequeña, pero con una gran intuición y agilidad mental frente a los combates.', '10500', '1050');
INSERT INTO `personaje` VALUES ('27', '1', '1', 'Miguel Vaca', 'Descripción de la vaca', '230', '20');
INSERT INTO `personaje` VALUES ('28', '1', '1', 'Pedro Pez', 'Descripción del nuevo personaje', '100', '3');
INSERT INTO `personaje` VALUES ('29', '1', '1', 'Pedro Pez', 'Descripción del nuevo personaje', '100', '3');
INSERT INTO `personaje` VALUES ('30', '1', '1', 'Pedro Conejo', 'Descripción del nuevo personaje', '100', '3');
INSERT INTO `personaje` VALUES ('31', '1', '1', 'Pedro Pez', 'Descripcin del nuevo personaje', '100', '3');

-- ----------------------------
-- Table structure for personaje_tiene_frase
-- ----------------------------
DROP TABLE IF EXISTS `personaje_tiene_frase`;
CREATE TABLE `personaje_tiene_frase` (
  `id_personaje` int(11) NOT NULL,
  `id_frase` int(11) NOT NULL,
  PRIMARY KEY (`id_personaje`,`id_frase`),
  KEY `fk_personaje_tiene_frase_personaje1_idx` (`id_personaje`),
  KEY `fk_personaje_tiene_frase_frase1_idx` (`id_frase`),
  CONSTRAINT `fk_personaje_tiene_frase_frase1` FOREIGN KEY (`id_frase`) REFERENCES `frase` (`id_frase`) ON DELETE NO ACTION ON UPDATE NO ACTION,
  CONSTRAINT `fk_personaje_tiene_frase_personaje1` FOREIGN KEY (`id_personaje`) REFERENCES `personaje` (`id_personaje`) ON DELETE NO ACTION ON UPDATE NO ACTION
) ENGINE=InnoDB DEFAULT CHARSET=utf8;

-- ----------------------------
-- Records of personaje_tiene_frase
-- ----------------------------
INSERT INTO `personaje_tiene_frase` VALUES ('1', '1');
INSERT INTO `personaje_tiene_frase` VALUES ('2', '2');
INSERT INTO `personaje_tiene_frase` VALUES ('3', '3');
INSERT INTO `personaje_tiene_frase` VALUES ('4', '4');
INSERT INTO `personaje_tiene_frase` VALUES ('5', '5');
INSERT INTO `personaje_tiene_frase` VALUES ('6', '6');
INSERT INTO `personaje_tiene_frase` VALUES ('7', '7');
INSERT INTO `personaje_tiene_frase` VALUES ('8', '8');
INSERT INTO `personaje_tiene_frase` VALUES ('9', '9');
INSERT INTO `personaje_tiene_frase` VALUES ('10', '10');
INSERT INTO `personaje_tiene_frase` VALUES ('11', '11');
INSERT INTO `personaje_tiene_frase` VALUES ('12', '12');
INSERT INTO `personaje_tiene_frase` VALUES ('13', '13');
INSERT INTO `personaje_tiene_frase` VALUES ('14', '14');
INSERT INTO `personaje_tiene_frase` VALUES ('15', '15');
INSERT INTO `personaje_tiene_frase` VALUES ('16', '16');
INSERT INTO `personaje_tiene_frase` VALUES ('17', '17');
INSERT INTO `personaje_tiene_frase` VALUES ('18', '18');
INSERT INTO `personaje_tiene_frase` VALUES ('19', '19');
INSERT INTO `personaje_tiene_frase` VALUES ('20', '20');
INSERT INTO `personaje_tiene_frase` VALUES ('21', '21');

-- ----------------------------
-- Table structure for personaje_tiene_imagen
-- ----------------------------
DROP TABLE IF EXISTS `personaje_tiene_imagen`;
CREATE TABLE `personaje_tiene_imagen` (
  `id_personaje_tiene_imagen` int(11) NOT NULL AUTO_INCREMENT,
  `id_Imgen` int(11) NOT NULL,
  `id_personaje` int(11) NOT NULL,
  `id_categoriaImagen` int(11) NOT NULL,
  PRIMARY KEY (`id_personaje_tiene_imagen`),
  KEY `FK_id_CategoriaImagen` (`id_categoriaImagen`),
  KEY `FK_id_Personaje` (`id_personaje`),
  KEY `FK_id_Imgen` (`id_Imgen`),
  CONSTRAINT `FK_id_CategoriaImagen` FOREIGN KEY (`id_categoriaImagen`) REFERENCES `categoriaimagen` (`id_categoriaImagen`) ON DELETE NO ACTION ON UPDATE NO ACTION,
  CONSTRAINT `FK_id_Imgen` FOREIGN KEY (`id_Imgen`) REFERENCES `imagen` (`id_imagen`) ON DELETE NO ACTION ON UPDATE NO ACTION,
  CONSTRAINT `FK_id_Personaje` FOREIGN KEY (`id_personaje`) REFERENCES `personaje` (`id_personaje`) ON DELETE NO ACTION ON UPDATE NO ACTION
) ENGINE=InnoDB AUTO_INCREMENT=4 DEFAULT CHARSET=utf8 COLLATE=utf8_spanish_ci;

-- ----------------------------
-- Records of personaje_tiene_imagen
-- ----------------------------
INSERT INTO `personaje_tiene_imagen` VALUES ('1', '1', '10', '5');
INSERT INTO `personaje_tiene_imagen` VALUES ('2', '2', '11', '5');
INSERT INTO `personaje_tiene_imagen` VALUES ('3', '3', '12', '5');

-- ----------------------------
-- Table structure for personaje_tiene_poder
-- ----------------------------
DROP TABLE IF EXISTS `personaje_tiene_poder`;
CREATE TABLE `personaje_tiene_poder` (
  `id_personaje` int(11) NOT NULL,
  `id_poder` int(11) NOT NULL,
  PRIMARY KEY (`id_personaje`,`id_poder`),
  KEY `fk_Personaje_has_poder_poder1_idx` (`id_poder`),
  KEY `fk_Personaje_has_poder_Personaje1_idx` (`id_personaje`),
  CONSTRAINT `fk_Personaje_has_poder_Personaje1` FOREIGN KEY (`id_personaje`) REFERENCES `personaje` (`id_personaje`) ON DELETE NO ACTION ON UPDATE NO ACTION,
  CONSTRAINT `fk_Personaje_has_poder_poder1` FOREIGN KEY (`id_poder`) REFERENCES `poder` (`id_poder`) ON DELETE NO ACTION ON UPDATE NO ACTION
) ENGINE=InnoDB DEFAULT CHARSET=utf8;

-- ----------------------------
-- Records of personaje_tiene_poder
-- ----------------------------
INSERT INTO `personaje_tiene_poder` VALUES ('1', '1');
INSERT INTO `personaje_tiene_poder` VALUES ('2', '2');

-- ----------------------------
-- Table structure for poder
-- ----------------------------
DROP TABLE IF EXISTS `poder`;
CREATE TABLE `poder` (
  `id_poder` int(11) NOT NULL AUTO_INCREMENT,
  `id_imagen` int(11) NOT NULL,
  `nombre_poder` varchar(20) NOT NULL,
  `descripcion_poder` varchar(255) NOT NULL,
  `tipo_poder` int(11) NOT NULL,
  `forma_poder` int(11) NOT NULL,
  `potencia_poder` int(11) NOT NULL,
  PRIMARY KEY (`id_poder`,`id_imagen`),
  KEY `fk_poder_imagen1_idx` (`id_imagen`),
  CONSTRAINT `fk_poder_imagen1` FOREIGN KEY (`id_imagen`) REFERENCES `imagen` (`id_imagen`) ON DELETE NO ACTION ON UPDATE NO ACTION
) ENGINE=InnoDB AUTO_INCREMENT=21 DEFAULT CHARSET=utf8;

-- ----------------------------
-- Records of poder
-- ----------------------------
INSERT INTO `poder` VALUES ('1', '7', 'Perezoso', 'Lanza lapices hacia su oponente', '1', '1', '10');
INSERT INTO `poder` VALUES ('2', '8', 'Copia', 'Lanza cuadernos hacia su oponente', '1', '1', '10');
INSERT INTO `poder` VALUES ('3', '7', 'Incapacidad Medica', 'Habilita la caída de elementos como Jeringas, Hojas, Curas y vendajes del cielo sobre su oponente', '1', '2', '10');
INSERT INTO `poder` VALUES ('4', '8', 'Copia Internet', 'Habilita la caída de pantallas de computadores del cielo sobre su oponente', '1', '2', '10');
INSERT INTO `poder` VALUES ('5', '7', 'Aprisa', 'Habilita la caída de palabras como “¿Colémonos”, “¿Tengo Afán”, “¿No existen filas”, “Usted no sabe quién soy yo?” del cielo sobre su oponente', '1', '2', '10');
INSERT INTO `poder` VALUES ('6', '8', 'El negocio', 'Lanza Chocolatinas o balones hacia su oponente', '1', '1', '10');
INSERT INTO `poder` VALUES ('7', '7', 'Groserias', 'Habilita la caída de caritas groseras desde el cielo', '1', '2', '10');
INSERT INTO `poder` VALUES ('8', '8', 'Conflicto', 'Habilita la caída de guantes de boxeo del cielo sobre su oponente', '1', '2', '10');
INSERT INTO `poder` VALUES ('9', '7', 'El poder del dinero', 'Habilita la caída de elementos como dinero, hojas y lápices del cielo sobre su oponente', '1', '2', '10');
INSERT INTO `poder` VALUES ('10', '8', 'El Vendedor', 'Lanza el símbolo de $ hacia su oponente', '1', '1', '10');
INSERT INTO `poder` VALUES ('11', '7', 'Suplantación', 'Habilita la caída de camaleones de colores del cielo sobre su oponente', '1', '2', '10');
INSERT INTO `poder` VALUES ('12', '8', 'Super copia', 'Habilita la caída de palabras como “Copiar Examen”, “Usa celular”, “Toma fotos al examen”, “Miremos al compañero” del cielo sobre su oponente', '1', '2', '10');
INSERT INTO `poder` VALUES ('13', '7', 'Respeto', 'Lanza notas musicales hacia su oponente', '1', '1', '10');
INSERT INTO `poder` VALUES ('14', '8', 'Colaboracion', 'Lanza el símbolo de cooperación hacia su oponente', '1', '1', '10');
INSERT INTO `poder` VALUES ('15', '7', 'Puntualidad', 'Habilita la caída de relojes del cielo sobre su oponente', '1', '2', '10');
INSERT INTO `poder` VALUES ('16', '8', 'Valores', 'Habilita la caída de palabras como “Respeto”, “Voluntad”, “Valentía”, “Orden”, “Honestidad” cielo sobre su oponente', '1', '2', '10');
INSERT INTO `poder` VALUES ('17', '7', 'Alegria', 'Habilita la caída de caritas alegres desde el cielo', '1', '2', '10');
INSERT INTO `poder` VALUES ('18', '8', 'Amistad', 'Lanza el símbolo de amistad hacia su oponente', '1', '1', '10');
INSERT INTO `poder` VALUES ('19', '7', 'Metas', 'Habilita la caída de alas desde el cielo', '1', '2', '10');
INSERT INTO `poder` VALUES ('20', '8', 'Compañerismo', 'Lanza cuadernos, Lápices, Hojas, relojes hacia su oponente', '1', '1', '10');

-- ----------------------------
-- Table structure for pregunta_prueba_psicotecnica
-- ----------------------------
DROP TABLE IF EXISTS `pregunta_prueba_psicotecnica`;
CREATE TABLE `pregunta_prueba_psicotecnica` (
  `id_pregunta_psicotecnica` int(11) unsigned zerofill NOT NULL AUTO_INCREMENT,
  `id_prueba_psicotecnica` int(11) NOT NULL,
  `pregunta` varchar(255) NOT NULL,
  `id_tipo_pregunta_psicotecnica` int(11) NOT NULL,
  PRIMARY KEY (`id_prueba_psicotecnica`,`id_pregunta_psicotecnica`,`id_tipo_pregunta_psicotecnica`),
  KEY `fk_pregunta_psicotecnica_respuesta_psicotecnica1_idx` (`pregunta`),
  KEY `fk_pregunta_psicotecnica_tipo_pregunta_psicotecnica1_idx` (`id_tipo_pregunta_psicotecnica`),
  KEY `id_pregunta_psicotecnica` (`id_pregunta_psicotecnica`),
  CONSTRAINT `fk_prueba_psicotecnica1_idx` FOREIGN KEY (`id_prueba_psicotecnica`) REFERENCES `prueba_psicotecnica` (`id_prueba_psicotecnica`) ON DELETE NO ACTION ON UPDATE NO ACTION,
  CONSTRAINT `fk_tipo_pregunta_psicotecnica1_idx` FOREIGN KEY (`id_tipo_pregunta_psicotecnica`) REFERENCES `tipo_pregunta_psicotecnica` (`id_tipo_pregunta_psicotecnica`) ON DELETE NO ACTION ON UPDATE NO ACTION
) ENGINE=InnoDB DEFAULT CHARSET=utf8;

-- ----------------------------
-- Records of pregunta_prueba_psicotecnica
-- ----------------------------

-- ----------------------------
-- Table structure for prueba_psicotecnica
-- ----------------------------
DROP TABLE IF EXISTS `prueba_psicotecnica`;
CREATE TABLE `prueba_psicotecnica` (
  `id_prueba_psicotecnica` int(11) NOT NULL AUTO_INCREMENT,
  `nombre` varchar(100) NOT NULL,
  `fecha_creacion` timestamp NOT NULL DEFAULT '0000-00-00 00:00:00' ON UPDATE CURRENT_TIMESTAMP,
  `id_tipo_prueba` int(11) NOT NULL,
  PRIMARY KEY (`id_prueba_psicotecnica`,`id_tipo_prueba`),
  KEY `fk_tipo_prueba1_idx` (`id_tipo_prueba`),
  KEY `id_prueba_psicotecnica` (`id_prueba_psicotecnica`),
  CONSTRAINT `fk_tipo_prueba1_idx` FOREIGN KEY (`id_tipo_prueba`) REFERENCES `tipo_prueba` (`id_tipo_prueba`) ON DELETE NO ACTION ON UPDATE NO ACTION
) ENGINE=InnoDB DEFAULT CHARSET=utf8;

-- ----------------------------
-- Records of prueba_psicotecnica
-- ----------------------------

-- ----------------------------
-- Table structure for respuesta_preguntas_psicotecnicas
-- ----------------------------
DROP TABLE IF EXISTS `respuesta_preguntas_psicotecnicas`;
CREATE TABLE `respuesta_preguntas_psicotecnicas` (
  `id_pregunta_prueba_psicotecnica` int(11) NOT NULL,
  `id_respuesta_psicotecnica` int(11) NOT NULL AUTO_INCREMENT,
  `descripcion_prueba_psicotecnica` varchar(255) DEFAULT NULL,
  PRIMARY KEY (`id_respuesta_psicotecnica`,`id_pregunta_prueba_psicotecnica`)
) ENGINE=InnoDB DEFAULT CHARSET=utf8;

-- ----------------------------
-- Records of respuesta_preguntas_psicotecnicas
-- ----------------------------

-- ----------------------------
-- Table structure for respuesta_prueba_jugador
-- ----------------------------
DROP TABLE IF EXISTS `respuesta_prueba_jugador`;
CREATE TABLE `respuesta_prueba_jugador` (
  `id_respuesta_prueba_jugador` int(11) NOT NULL AUTO_INCREMENT,
  `id_respuesta` int(11) NOT NULL,
  `id_jugador` int(11) NOT NULL,
  PRIMARY KEY (`id_respuesta_prueba_jugador`)
) ENGINE=InnoDB DEFAULT CHARSET=utf8 COLLATE=utf8_spanish_ci;

-- ----------------------------
-- Records of respuesta_prueba_jugador
-- ----------------------------

-- ----------------------------
-- Table structure for rol_usuario
-- ----------------------------
DROP TABLE IF EXISTS `rol_usuario`;
CREATE TABLE `rol_usuario` (
  `id_rol_usuario` int(11) NOT NULL AUTO_INCREMENT,
  `tipo_usuario` varchar(255) DEFAULT NULL,
  PRIMARY KEY (`id_rol_usuario`)
) ENGINE=InnoDB AUTO_INCREMENT=7 DEFAULT CHARSET=utf8;

-- ----------------------------
-- Records of rol_usuario
-- ----------------------------
INSERT INTO `rol_usuario` VALUES ('1', 'Estudiante');
INSERT INTO `rol_usuario` VALUES ('2', 'Administrador');
INSERT INTO `rol_usuario` VALUES ('3', 'Reportes');
INSERT INTO `rol_usuario` VALUES ('4', 'Psicologia');
INSERT INTO `rol_usuario` VALUES ('5', 'Interno');
INSERT INTO `rol_usuario` VALUES ('6', 'Externo');

-- ----------------------------
-- Table structure for tipo_pregunta_psicotecnica
-- ----------------------------
DROP TABLE IF EXISTS `tipo_pregunta_psicotecnica`;
CREATE TABLE `tipo_pregunta_psicotecnica` (
  `id_tipo_pregunta_psicotecnica` int(11) NOT NULL AUTO_INCREMENT,
  `clase_pregunta` int(11) DEFAULT NULL,
  PRIMARY KEY (`id_tipo_pregunta_psicotecnica`)
) ENGINE=InnoDB DEFAULT CHARSET=utf8;

-- ----------------------------
-- Records of tipo_pregunta_psicotecnica
-- ----------------------------

-- ----------------------------
-- Table structure for tipo_prueba
-- ----------------------------
DROP TABLE IF EXISTS `tipo_prueba`;
CREATE TABLE `tipo_prueba` (
  `id_tipo_prueba` int(11) NOT NULL AUTO_INCREMENT,
  `tipo_prueba` varchar(100) NOT NULL,
  `descripcion_tipo_prueba` varchar(255) DEFAULT NULL,
  PRIMARY KEY (`id_tipo_prueba`)
) ENGINE=InnoDB DEFAULT CHARSET=utf8;

-- ----------------------------
-- Records of tipo_prueba
-- ----------------------------

-- ----------------------------
-- Table structure for usuario
-- ----------------------------
DROP TABLE IF EXISTS `usuario`;
CREATE TABLE `usuario` (
  `id_usuario` int(11) NOT NULL AUTO_INCREMENT,
  `id_pais` int(11) NOT NULL,
  `id_ciudad` int(11) NOT NULL,
  `id_rol_usuario` int(11) NOT NULL,
  `nombre_usuario` varchar(100) DEFAULT NULL,
  `apellido_usuario` varchar(100) DEFAULT NULL,
  `email_usuario` varchar(150) DEFAULT NULL,
  `contrasena_usuario` varchar(20) DEFAULT NULL,
  `fecha_registro` timestamp NULL DEFAULT NULL,
  `token` varchar(255) NOT NULL,
  `fecha_token` varchar(255) NOT NULL,
  PRIMARY KEY (`id_usuario`,`id_pais`,`id_ciudad`,`id_rol_usuario`),
  KEY `fk_usuario_jugador1_idx` (`id_usuario`),
  KEY `fk_usuario_pais1_idx` (`id_pais`),
  KEY `fk_usuario_ciudad1_idx` (`id_ciudad`),
  KEY `fk_usuario_rol_usuario1_idx` (`id_rol_usuario`),
  CONSTRAINT `fk_usuario_ciudad1` FOREIGN KEY (`id_ciudad`) REFERENCES `ciudad` (`id_ciudad`) ON DELETE NO ACTION ON UPDATE NO ACTION,
  CONSTRAINT `fk_usuario_pais1` FOREIGN KEY (`id_pais`) REFERENCES `pais` (`id_pais`) ON DELETE NO ACTION ON UPDATE NO ACTION,
  CONSTRAINT `fk_usuario_rol_usuario1` FOREIGN KEY (`id_rol_usuario`) REFERENCES `rol_usuario` (`id_rol_usuario`) ON DELETE NO ACTION ON UPDATE NO ACTION
) ENGINE=InnoDB AUTO_INCREMENT=3 DEFAULT CHARSET=utf8;

-- ----------------------------
-- Records of usuario
-- ----------------------------
INSERT INTO `usuario` VALUES ('1', '1', '1', '1', 'Estudiante', 'Demo', 'usuario@poligran.edu.co', 'demo123', '2017-03-04 10:20:16', 'F136905236614E2CAB57C52281951143100517201324', '2017-05-10 20:13:24 ');
INSERT INTO `usuario` VALUES ('2', '1', '52838', '1', 'jnrubiano', 'Rubiano', 'jnrubiano@poligran.edu.co', '1234567890', '2017-04-15 18:28:47', 'D762E9C983F84C98A1C5723957A3DD80100517200235', '2017-05-10 20:02:35 ');
